player_id,player_name,season_year,role,position_group_used,PA_BF,RAR_bat,RAR_pit,WAR,salary
lisenho01,Horace Lisenbee,1927,pitcher,SP,750,0.0,67.81,6.78,20842879
hornsro01,Rogers Hornsby,1927,hitter,UTIL,600,67.6,0.0,6.76,20785820
salmoha01,Harry Salmon,1927,pitcher,SP,740,0.0,64.76,6.48,19986999
jonessa01,Sad Sam Jones,1927,pitcher,SP,750,0.0,64.67,6.47,19958470
grovele01,Lefty Grove,1927,pitcher,SP,750,0.0,64.45,6.44,19872882
trentte01,Ted Trent,1927,pitcher,SP,750,0.0,63.43,6.34,19587589
wellswi99,Willie Wells,1927,hitter,UTIL,600,61.9,0.0,6.19,19159649
ruffire01,Red Ruffing,1927,pitcher,SP,703,0.0,61.54,6.15,19045532
vanceda01,Dazzy Vance,1927,pitcher,SP,750,0.0,61.27,6.13,18988473
suttlmu99,Mule Suttles,1927,hitter,UTIL,600,59.83,0.0,5.98,18560533
milleja02,Jake Miller,1927,pitcher,SP,750,0.0,56.01,5.6,17476419
whiteea01,Earl Whitehill,1927,pitcher,SP,750,0.0,55.98,5.6,17476419
lazzeto01,Tony Lazzeri,1927,hitter,UTIL,600,55.48,0.0,5.55,17333773
webbea01,Earl Webb,1927,hitter,UTIL,600,55.02,0.0,5.5,17191126
steartu99,Turkey Stearnes,1927,hitter,UTIL,600,54.92,0.0,5.49,17162597
cockrph01,Phil Cockrell,1927,pitcher,SP,750,0.0,53.34,5.33,16706128
masonch02,Charlie Mason,1927,hitter,UTIL,600,53.11,0.0,5.31,16649069
gehrilo01,Lou Gehrig,1927,hitter,UTIL,600,52.26,0.0,5.23,16420834
bentola01,Larry Benton,1927,pitcher,SP,750,0.0,51.51,5.15,16192600
rhemfl01,Flint Rhem,1927,pitcher,SP,738,0.0,51.05,5.11,16078483
thomato02,Tommy Thomas,1927,pitcher,SP,750,0.0,50.88,5.09,16021424
aldrivi01,Vic Aldridge,1927,pitcher,SP,750,0.0,50.55,5.05,15907307
mayja01,Jakie May,1927,pitcher,SP,750,0.0,49.71,4.97,15679072
braxtga01,Garland Braxton,1927,pitcher,SP,639,0.0,49.47,4.95,15622013
mcweedo01,Doug McWeeny,1927,pitcher,SP,725,0.0,49.36,4.94,15593484
harrisl01,Slim Harriss,1927,pitcher,SP,750,0.0,48.93,4.89,15450837
ruthba01,Babe Ruth,1927,hitter,UTIL,600,48.92,0.0,4.89,15450837
simmoal01,Al Simmons,1927,hitter,UTIL,600,48.74,0.0,4.87,15393779
pennohe01,Herb Pennock,1927,pitcher,SP,750,0.0,48.58,4.86,15365250
yokella01,Laymon Yokely,1927,pitcher,SP,699,0.0,48.2,4.82,15251132
walberu01,Rube Walberg,1927,pitcher,SP,750,0.0,47.63,4.76,15079956
hadlebu01,Bump Hadley,1927,pitcher,SP,750,0.0,47.41,4.74,15022898
uhlege01,George Uhle,1927,pitcher,SP,703,0.0,46.09,4.61,14652017
roberch01,Charlie Robertson,1927,pitcher,SP,693,0.0,45.57,4.56,14509370
ellioju01,Jumbo Elliott,1927,pitcher,SP,750,0.0,45.38,4.54,14452311
thurssl01,Hollis Thurston,1927,pitcher,SP,750,0.0,45.09,4.51,14366723
scottja01,Jack Scott,1927,pitcher,SP,750,0.0,44.48,4.45,14195547
willike01,Ken Williams,1927,hitter,UTIL,600,44.47,0.0,4.45,14195547
farrelu02,Luther Farrell,1927,pitcher,SP,750,0.0,43.86,4.39,14024371
tylerst01,Steel Arm Tyler,1927,pitcher,SP,607,0.0,43.65,4.36,13938784
terrybi01,Bill Terry,1927,hitter,UTIL,600,43.51,0.0,4.35,13910254
wilsoha01,Hack Wilson,1927,hitter,UTIL,600,43.19,0.0,4.32,13824666
davisro05,Roosevelt Davis,1927,pitcher,SP,704,0.0,43.04,4.3,13767608
crowdal01,General Crowder,1927,pitcher,SP,622,0.0,42.84,4.28,13710549
rootch01,Charlie Root,1927,pitcher,SP,750,0.0,41.71,4.17,13396726
vangiel01,Elam Vangilder,1927,pitcher,SP,750,0.0,41.44,4.14,13311138
gibsosa01,Sam Gibson,1927,pitcher,SP,750,0.0,41.23,4.12,13254080
wingaer01,Ernie Wingard,1927,pitcher,SP,738,0.0,41.2,4.12,13254080
blakesh01,Sheriff Blake,1927,pitcher,SP,750,0.0,41.12,4.11,13225551
harnege01,George Harney,1927,pitcher,SP,673,0.0,41.09,4.11,13225551
sherdbi01,Bill Sherdel,1927,pitcher,SP,750,0.0,41.11,4.11,13225551
ulricdu01,Frank Ulrich,1927,pitcher,SP,750,0.0,40.9,4.09,13168492
smithbo02,Bob Smith,1927,pitcher,SP,750,0.0,40.79,4.08,13139963
gastomi01,Milt Gaston,1927,pitcher,SP,750,0.0,40.61,4.06,13082904
morriye01,Yellow Horse Morris,1927,pitcher,SP,750,0.0,40.51,4.05,13054375
donohpe01,Pete Donohue,1927,pitcher,SP,750,0.0,40.42,4.04,13025845
wertsjo01,Johnny Werts,1927,pitcher,SP,730,0.0,39.96,4.0,12911728
barnevi01,Virgil Barnes,1927,pitcher,SP,750,0.0,39.85,3.99,12883199
roganbu99,Bullet Rogan,1927,pitcher,SP,621,0.0,39.59,3.96,12797611
reduswi01,Wilson Redus,1927,hitter,UTIL,600,39.14,0.0,3.91,12654964
bellcl01,Cliff Bell,1927,pitcher,SP,674,0.0,38.86,3.89,12597905
heilmha01,Harry Heilmann,1927,hitter,UTIL,600,38.51,0.0,3.85,12483788
diazhe01,Heliodoro Díaz,1927,pitcher,SP,581,0.0,38.25,3.83,12426730
smithch12,Charlie Smith,1927,hitter,UTIL,600,37.57,0.0,3.76,12227024
moorewi01,Wilcy Moore,1927,pitcher,SP,750,0.0,37.37,3.74,12169966
cochrmi01,Mickey Cochrane,1927,hitter,UTIL,600,37.26,0.0,3.73,12141436
fergual01,Alex Ferguson,1927,pitcher,SP,750,0.0,37.1,3.71,12084378
bushgu01,Guy Bush,1927,pitcher,SP,750,0.0,36.95,3.7,12055848
stewale01,Lefty Stewart,1927,pitcher,SP,675,0.0,36.97,3.7,12055848
roselba01,Basilio Rosell,1927,pitcher,SP,629,0.0,36.31,3.63,11856143
streesa01,Sam Streeter,1927,pitcher,SP,750,0.0,35.2,3.52,11542321
bondsba01,Barry Bonds,2000,hitter,UTIL,600,35.17,0.0,3.52,11542321
neisbe01,Bernie Neis,1927,hitter,UTIL,600,34.7,0.0,3.47,11399674
schuljo04,Johnny Schulte,1927,hitter,UTIL,600,34.56,0.0,3.46,11371145
burksel01,Ellis Burks,2000,hitter,UTIL,600,34.33,0.0,3.43,11285557
faberre01,Red Faber,1927,pitcher,SP,488,0.0,34.23,3.42,11257027
quinnja01,Jack Quinn,1927,pitcher,SP,750,0.0,32.93,3.29,10886146
collipa01,Pat Collins,1927,hitter,UTIL,600,32.77,0.0,3.28,10857617
roberro02,Roy Roberts,1927,pitcher,SP,624,0.0,32.47,3.25,10772029
pipgrge01,George Pipgras,1927,pitcher,SP,703,0.0,32.28,3.23,10714970
paigesa01,Satchel Paige,1927,pitcher,SP,429,0.0,32.22,3.22,10686441
mcclubo02,Bob McClure,1927,pitcher,SP,612,0.0,31.65,3.17,10543794
branyru01,Russell Branyan,2000,hitter,UTIL,600,31.6,0.0,3.16,10515265
hudliwi01,Willis Hudlin,1927,pitcher,SP,750,0.0,31.4,3.14,10458206
mcdonwe01,Webster McDonald,1927,pitcher,SP,487,0.0,31.3,3.13,10429677
creacde01,Dewey Creacy,1927,hitter,UTIL,600,31.09,0.0,3.11,10372619
hafeych01,Chick Hafey,1927,hitter,UTIL,600,30.95,0.0,3.1,10344089
glassca01,Carl Glass,1927,pitcher,SP,632,0.0,30.77,3.08,10287031
poindro01,Robert Poindexter,1927,pitcher,SP,718,0.0,30.72,3.07,10258501
frymatr01,Travis Fryman,2000,hitter,UTIL,600,30.33,0.0,3.03,10144384
marbefi01,Firpo Marberry,1927,pitcher,SP,694,0.0,30.02,3.0,10058796
wilsoju99,Jud Wilson,1927,hitter,UTIL,600,29.83,0.0,2.98,10001737
erstada01,Darin Erstad,2000,hitter,UTIL,600,29.83,0.0,2.98,10001737
pruethu01,Hub Pruett,1927,pitcher,SP,750,0.0,29.61,2.96,9944679
sanpe01,Pedro San,1927,pitcher,SP,630,0.0,28.96,2.9,9773503
delgaca01,Carlos Delgado,2000,hitter,UTIL,600,28.75,0.0,2.87,9687915
goldiev01,Everett Goldie,1927,hitter,UTIL,600,28.51,0.0,2.85,9630856
hendera01,Rats Henderson,1927,pitcher,SP,609,0.0,28.49,2.85,9630856
greenke01,Kent Greenfield,1927,pitcher,SP,750,0.0,28.43,2.84,9602327
galaran01,Andres Galarraga,2000,hitter,UTIL,600,28.42,0.0,2.84,9602327
johnswa01,Walter Johnson,1927,pitcher,SP,460,0.0,28.31,2.83,9573798
carlsha01,Hal Carlson,1927,pitcher,SP,750,0.0,28.19,2.82,9545268
willicy01,Cy Williams,1927,hitter,UTIL,600,28.18,0.0,2.82,9545268
giambja01,Jason Giambi,2000,hitter,UTIL,600,27.98,0.0,2.8,9488210
campbbu01,Bullet Campbell,1927,pitcher,SP,446,0.0,27.9,2.79,9459680
coopeda02,Darltie Cooper,1927,pitcher,SP,750,0.0,27.81,2.78,9431151
cartecl01,Cliff Carter,1927,pitcher,SP,748,0.0,27.62,2.76,9374092
flourwi01,Willis Flournoy,1927,pitcher,SP,410,0.0,27.58,2.76,9374092
harpege02,George Harper,1927,hitter,UTIL,600,27.56,0.0,2.76,9374092
rommeed01,Eddie Rommel,1927,pitcher,SP,642,0.0,27.41,2.74,9317034
haneyfr01,Fred Haney,1927,hitter,UTIL,600,27.35,0.0,2.73,9288504
evereca01,Carl Everett,2000,hitter,UTIL,600,27.23,0.0,2.72,9259975
neverer01,Ernie Nevers,1927,pitcher,SP,397,0.0,26.78,2.68,9145858
guerrvl01,Vladimir Guerrero,2000,hitter,UTIL,600,26.79,0.0,2.68,9145858
bellwi01,William Bell,1927,pitcher,SP,668,0.0,26.73,2.67,9117328
stamphu01,Hulon Stamps,1927,pitcher,SP,533,0.0,26.58,2.66,9088799
edmonji01,Jim Edmonds,2000,hitter,UTIL,600,26.4,0.0,2.64,9031740
floydcl01,Cliff Floyd,2000,hitter,UTIL,600,26.14,0.0,2.61,8946153
cuyleki01,Kiki Cuyler,1927,hitter,UTIL,600,26.0,0.0,2.6,8917623
macfada01,Danny MacFayden,1927,pitcher,SP,692,0.0,26.02,2.6,8917623
lucasre01,Red Lucas,1927,pitcher,SP,750,0.0,25.86,2.59,8889094
doakbi01,Bill Doak,1927,pitcher,SP,622,0.0,25.41,2.54,8746447
bagweje01,Jeff Bagwell,2000,hitter,UTIL,600,25.36,0.0,2.54,8746447
stronjo02,Joe Strong,1927,pitcher,SP,566,0.0,25.33,2.53,8717918
levisos01,Oscar Levis,1927,pitcher,SP,446,0.0,25.08,2.51,8660859
gilljo01,Johnny Gill,1927,hitter,UTIL,600,24.9,0.0,2.49,8603801
cruzjo02,Jose Cruz,2000,hitter,UTIL,600,24.82,0.0,2.48,8575271
jackstr01,Travis Jackson,1927,hitter,UTIL,600,24.68,0.0,2.47,8546742
rixeyep01,Eppa Rixey,1927,pitcher,SP,750,0.0,24.61,2.46,8518213
welshji01,Jimmy Welsh,1927,hitter,UTIL,600,24.43,0.0,2.44,8461154
harrijo03,Joe Harris,1927,hitter,UTIL,600,24.31,0.0,2.43,8432625
meadole01,Lee Meadows,1927,pitcher,SP,750,0.0,24.25,2.43,8432625
pettyje01,Jesse Petty,1927,pitcher,SP,750,0.0,24.27,2.43,8432625
ryanre01,Red Ryan,1927,pitcher,SP,612,0.0,24.31,2.43,8432625
finleto01,Tom Finley,1927,hitter,UTIL,600,23.99,0.0,2.4,8347037
mitchge01,George Mitchell,1927,pitcher,SP,539,0.0,23.68,2.37,8261449
jonespe01,Percy Jones,1927,pitcher,SP,529,0.0,23.62,2.36,8232920
buckega01,Garland Buckeye,1927,pitcher,SP,750,0.0,23.54,2.35,8204390
genewjo01,Joe Genewich,1927,pitcher,SP,750,0.0,23.53,2.35,8204390
hillca01,Carmen Hill,1927,pitcher,SP,750,0.0,23.52,2.35,8204390
omsal01,Alejandro Oms,1927,hitter,UTIL,600,23.5,0.0,2.35,8204390
hoytwa01,Waite Hoyt,1927,pitcher,SP,750,0.0,23.43,2.34,8175861
kolpra01,Ray Kolp,1927,pitcher,SP,352,0.0,23.39,2.34,8175861
falkbi01,Bibb Falk,1927,hitter,UTIL,600,22.99,0.0,2.3,8061744
fitzsfr01,Freddie Fitzsimmons,1927,pitcher,SP,750,0.0,22.83,2.28,8004685
greerru01,Rusty Greer,2000,hitter,UTIL,600,22.85,0.0,2.28,8004685
graydo02,Sam Gray,1927,pitcher,SP,586,0.0,22.59,2.26,7947626
glaustr01,Troy Glaus,2000,hitter,UTIL,600,22.54,0.0,2.25,7919097
decatar01,Art Decatur,1927,pitcher,SP,433,0.0,22.37,2.24,7890568
hollabi03,Bill Holland,1927,pitcher,SP,377,0.0,22.28,2.23,7862038
mcdonlu01,Luther McDonald,1927,pitcher,SP,611,0.0,22.27,2.23,7862038
bottoji01,Jim Bottomley,1927,hitter,UTIL,600,22.12,0.0,2.21,7804980
hermaba01,Babe Herman,1927,hitter,UTIL,600,21.92,0.0,2.19,7747921
egglema01,Mack Eggleston,1927,hitter,UTIL,600,21.85,0.0,2.18,7719392
johnswa04,Wade Johnston,1927,hitter,UTIL,600,21.77,0.0,2.18,7719392
shockur01,Urban Shocker,1927,pitcher,SP,750,0.0,21.68,2.17,7690862
smithea02,Earl Smith,1927,hitter,UTIL,600,21.66,0.0,2.17,7690862
estalbo02,Bobby Estalella,2000,hitter,UTIL,600,21.72,0.0,2.17,7690862
meusebo01,Bob Meusel,1927,hitter,UTIL,600,21.56,0.0,2.16,7662333
grimebu01,Burleigh Grimes,1927,pitcher,SP,750,0.0,21.39,2.14,7605274
stevefr01,Frank Stevens,1927,pitcher,SP,519,0.0,21.43,2.14,7605274
russebr01,Branch Russell,1927,hitter,UTIL,600,21.26,0.0,2.13,7576745
beckwjo02,John Beckwith,1927,hitter,UTIL,600,21.25,0.0,2.12,7548216
forcebi01,Bill Force,1927,pitcher,SP,516,0.0,21.07,2.11,7519687
dyeje01,Jermaine Dye,2000,hitter,UTIL,600,21.13,0.0,2.11,7519687
leachfr01,Freddy Leach,1927,hitter,UTIL,600,20.96,0.0,2.1,7491157
mcgrabo01,Bob McGraw,1927,pitcher,SP,441,0.0,20.48,2.05,7348511
rectoco01,Connie Rector,1927,pitcher,SP,430,0.0,20.53,2.05,7348511
welzeto01,Tony Welzer,1927,pitcher,SP,750,0.0,20.53,2.05,7348511
caminke01,Ken Caminiti,2000,hitter,UTIL,600,20.46,0.0,2.05,7348511
smithge03,George Smith,1927,pitcher,SP,318,0.0,20.26,2.03,7291452
washipe01,Pete Washington,1927,hitter,UTIL,600,20.17,0.0,2.02,7262923
lundydi01,Dick Lundy,1927,hitter,UTIL,600,20.04,0.0,2.0,7205864
maysca01,Carl Mays,1927,pitcher,SP,343,0.0,20.05,2.0,7205864
gonzaju03,Juan Gonzalez,2000,hitter,UTIL,600,20.01,0.0,2.0,7205864
tolsoch01,Charles Tolson,1927,hitter,UTIL,600,19.88,0.0,1.99,7177335
alfoned01,Edgardo Alfonzo,2000,hitter,UTIL,600,19.85,0.0,1.99,7177335
finlest01,Steve Finley,2000,hitter,UTIL,600,19.75,0.0,1.98,7148805
dallaeg01,Eggie Dallard,1927,hitter,UTIL,600,19.7,0.0,1.97,7120276
drekeva01,Valentín Dreke,1927,hitter,UTIL,600,19.75,0.0,1.97,7120276
nehfar01,Art Nehf,1927,pitcher,SP,313,0.0,19.72,1.97,7120276
barnere01,Red Barnes,1927,hitter,UTIL,600,19.61,0.0,1.96,7091747
colliri01,Rip Collins,1927,pitcher,SP,750,0.0,19.55,1.96,7091747
clarkto02,Tony Clark,2000,hitter,UTIL,600,19.29,0.0,1.93,7006159
carroow01,Ownie Carroll,1927,pitcher,SP,750,0.0,19.22,1.92,6977629
fournja01,Jack Fournier,1927,hitter,UTIL,600,19.16,0.0,1.92,6977629
cummija01,Jack Cummings,1927,hitter,UTIL,600,18.88,0.0,1.89,6892041
grantge02,George Grant,1927,pitcher,SP,336,0.0,18.76,1.88,6863512
gonzalu01,Luis Gonzalez,2000,hitter,UTIL,600,18.73,0.0,1.87,6834983
paschbe01,Ben Paschal,1927,hitter,UTIL,600,18.64,0.0,1.86,6806454
brownem01,Emil Brown,2000,hitter,UTIL,600,18.49,0.0,1.85,6777924
johnshe01,Heavy Johnson,1927,hitter,UTIL,600,18.37,0.0,1.84,6749395
powelwi01,Willie Powell,1927,pitcher,SP,573,0.0,18.37,1.84,6749395
grantge01,George Grantham,1927,hitter,UTIL,600,18.28,0.0,1.83,6720866
welchfr01,Frank Welch,1927,hitter,UTIL,600,18.25,0.0,1.83,6720866
miljujo01,Johnny Miljus,1927,pitcher,SP,297,0.0,18.22,1.82,6692336
gardnpi01,Ping Gardner,1927,pitcher,SP,250,0.0,18.14,1.81,6663807
clarkwa02,Watson Clark,1927,pitcher,SP,305,0.0,18.03,1.8,6635278
youngma04,Maurice Young,1927,pitcher,SP,283,0.0,17.94,1.79,6606748
hubbaje01,Jesse Hubbard,1927,pitcher,SP,524,0.0,17.67,1.77,6549690
cannawa01,Walter Cannady,1927,hitter,UTIL,600,17.65,0.0,1.76,6521160
careyma01,Max Carey,1927,hitter,UTIL,600,17.57,0.0,1.76,6521160
gosligo01,Goose Goslin,1927,hitter,UTIL,600,17.41,0.0,1.74,6464102
bratsfr01,Fred Bratschi,1927,hitter,UTIL,600,17.26,0.0,1.73,6435572
cvengmi01,Mike Cvengros,1927,pitcher,SP,236,0.0,17.28,1.73,6435572
craigch01,Charlie Craig,1927,pitcher,SP,256,0.0,17.24,1.72,6407043
ganzeba01,Babe Ganzel,1927,hitter,UTIL,600,17.24,0.0,1.72,6407043
geeri01,Rich Gee,1927,hitter,UTIL,600,17.05,0.0,1.71,6378514
bellhi01,Herman Bell,1927,pitcher,SP,255,0.0,16.97,1.7,6349984
haineje01,Jesse Haines,1927,pitcher,SP,750,0.0,16.96,1.7,6349984
ehmkeho01,Howard Ehmke,1927,pitcher,SP,750,0.0,16.86,1.69,6321455
berkmla01,Lance Berkman,2000,hitter,UTIL,600,16.89,0.0,1.69,6321455
dunstsh01,Shawon Dunston,2000,hitter,UTIL,600,16.79,0.0,1.68,6292926
harrira01,Rattler Harrison,1927,pitcher,SP,332,0.0,16.7,1.67,6264396
drewjd01,J. D. Drew,2000,hitter,UTIL,600,16.72,0.0,1.67,6264396
friscfr01,Frankie Frisch,1927,hitter,UTIL,600,16.6,0.0,1.66,6235867
bordimi01,Mike Bordick,2000,hitter,UTIL,600,16.61,0.0,1.66,6235867
millepe01,Percy Miller,1927,pitcher,SP,225,0.0,16.51,1.65,6207338
osborbo01,Bob Osborn,1927,pitcher,SP,485,0.0,16.5,1.65,6207338
avenbr01,Bruce Aven,2000,hitter,UTIL,600,16.52,0.0,1.65,6207338
hartnga01,Gabby Hartnett,1927,hitter,UTIL,600,16.37,0.0,1.64,6178808
leesc01,Script Lee,1927,pitcher,SP,367,0.0,16.4,1.64,6178808
winteni01,Nip Winters,1927,pitcher,SP,750,0.0,16.33,1.63,6150279
chaveer01,Eric Chavez,2000,hitter,UTIL,600,16.35,0.0,1.63,6150279
bellju02,Jute Bell,1927,pitcher,SP,452,0.0,16.16,1.62,6121750
cansejo01,Jose Canseco,2000,hitter,UTIL,600,16.09,0.0,1.61,6093221
kellyge01,George Kelly,1927,hitter,UTIL,600,15.98,0.0,1.6,6064691
elsteke01,Kevin Elster,2000,hitter,UTIL,600,16.04,0.0,1.6,6064691
grohhe01,Heinie Groh,1927,hitter,UTIL,600,15.85,0.0,1.59,6036162
garcico01,Cocaína García,1927,pitcher,SP,422,0.0,15.76,1.58,6007633
mcquihu01,Hugh McQuillan,1927,pitcher,SP,636,0.0,15.75,1.58,6007633
manushe01,Heinie Manush,1927,hitter,UTIL,600,15.71,0.0,1.57,5979103
fostebi99,Willie Foster,1927,pitcher,SP,750,0.0,15.54,1.55,5922045
wrighgl01,Glenn Wright,1927,hitter,UTIL,600,15.52,0.0,1.55,5922045
harrian03,Andy Harris,1927,hitter,UTIL,600,15.08,0.0,1.51,5807927
alomaro01,Roberto Alomar,2000,hitter,UTIL,600,15.08,0.0,1.51,5807927
jenkifa01,Fats Jenkins,1927,hitter,UTIL,600,14.92,0.0,1.49,5750869
curryru01,Rube Curry,1927,pitcher,SP,407,0.0,14.78,1.48,5722339
aloumo01,Moises Alou,2000,hitter,UTIL,600,14.74,0.0,1.47,5693810
greensh01,Shawn Green,2000,hitter,UTIL,600,14.72,0.0,1.47,5693810
jacobel01,Elmer Jacobs,1927,pitcher,SP,353,0.0,14.57,1.46,5665281
pryorbi01,Bill Pryor,1927,pitcher,SP,530,0.0,14.48,1.45,5636751
connasa01,Sarge Connally,1927,pitcher,SP,750,0.0,14.41,1.44,5608222
fabreis01,Isidro Fabré,1927,pitcher,SP,277,0.0,14.44,1.44,5608222
shawkbo01,Bob Shawkey,1927,pitcher,SP,190,0.0,14.4,1.44,5608222
garcino01,Nomar Garciaparra,2000,hitter,UTIL,600,14.44,0.0,1.44,5608222
millebu02,Buck Miller,1927,pitcher,SP,296,0.0,14.28,1.43,5579693
abreubo01,Bobby Abreu,2000,hitter,UTIL,600,14.27,0.0,1.43,5579693
fordybr01,Brook Fordyce,2000,hitter,UTIL,600,14.31,0.0,1.43,5579693
brewech02,Chet Brewer,1927,pitcher,SP,569,0.0,14.17,1.42,5551163
clarkbi01,Bill Clarkson,1927,pitcher,SP,397,0.0,14.24,1.42,5551163
padgeer01,Ernie Padgett,1927,hitter,UTIL,600,14.16,0.0,1.42,5551163
goochjo01,Johnny Gooch,1927,hitter,UTIL,600,13.98,0.0,1.4,5494105
lindca01,Carl Lind,1927,hitter,UTIL,600,14.05,0.0,1.4,5494105
lundgde01,Del Lundgren,1927,pitcher,SP,640,0.0,13.97,1.4,5494105
combsea01,Earle Combs,1927,hitter,UTIL,600,13.94,0.0,1.39,5465575
mitchcl01,Clarence Mitchell,1927,pitcher,SP,401,0.0,13.87,1.39,5465575
schanwa01,Wally Schang,1927,hitter,UTIL,600,13.93,0.0,1.39,5465575
muellhe01,Heinie Mueller,1927,hitter,UTIL,600,13.79,0.0,1.38,5437046
batisto01,Tony Batista,2000,hitter,UTIL,600,13.79,0.0,1.38,5437046
bartedi01,Dick Bartell,1927,hitter,UTIL,600,13.6,0.0,1.36,5379988
damonjo01,Johnny Damon,2000,hitter,UTIL,600,13.61,0.0,1.36,5379988
mogrige01,George Mogridge,1927,pitcher,SP,211,0.0,13.51,1.35,5351458
duncafr02,Frank Duncan,1927,hitter,UTIL,600,13.44,0.0,1.34,5322929
allenne02,Newt Allen,1927,hitter,UTIL,600,13.13,0.0,1.31,5237341
gomezda01,David Gómez,1927,pitcher,SP,445,0.0,13.13,1.31,5237341
russejo03,John Henry Russell,1927,hitter,UTIL,600,13.08,0.0,1.31,5237341
beltrad01,Adrian Beltre,2000,hitter,UTIL,600,13.08,0.0,1.31,5237341
mcmanma01,Marty McManus,1927,hitter,UTIL,600,13.01,0.0,1.3,5208812
thomahe01,Herb Thomas,1927,hitter,UTIL,600,12.98,0.0,1.3,5208812
wanerpa01,Paul Waner,1927,hitter,UTIL,600,12.97,0.0,1.3,5208812
willijo04,John Williams,1927,pitcher,SP,459,0.0,13.0,1.3,5208812
burkebo01,Bobby Burke,1927,pitcher,SP,414,0.0,12.81,1.28,5151753
mungijo01,John Mungin,1927,pitcher,SP,241,0.0,12.77,1.28,5151753
chambru01,Rube Chambers,1927,pitcher,SP,193,0.0,12.69,1.27,5123224
churrjo01,John Churry,1927,hitter,UTIL,600,12.71,0.0,1.27,5123224
camermi01,Mike Cameron,2000,hitter,UTIL,600,12.67,0.0,1.27,5123224
morrijo04,Johnny Morrison,1927,pitcher,SP,236,0.0,12.56,1.26,5094694
scalege01,George Scales,1927,hitter,UTIL,600,12.62,0.0,1.26,5094694
whitech03,Chaney White,1927,hitter,UTIL,600,12.55,0.0,1.26,5094694
biggicr01,Craig Biggio,2000,hitter,UTIL,600,12.64,0.0,1.26,5094694
stephri01,Riggs Stephenson,1927,hitter,UTIL,600,12.46,0.0,1.25,5066165
stevefo01,Foots Stevens,1927,hitter,UTIL,600,12.52,0.0,1.25,5066165
ausmubr01,Brad Ausmus,2000,hitter,UTIL,600,12.53,0.0,1.25,5066165
kaufmto01,Tony Kaufmann,1927,pitcher,SP,359,0.0,12.3,1.23,5009106
gatewbi01,Bill Gatewood,1927,pitcher,SP,230,0.0,12.21,1.22,4980577
drakebi01,Bill Drake,1927,pitcher,SP,503,0.0,12.06,1.21,4952048
mileswi01,Willie Miles,1927,hitter,UTIL,600,12.09,0.0,1.21,4952048
fasansa01,Sal Fasano,2000,hitter,UTIL,600,12.13,0.0,1.21,4952048
giambje01,Jeremy Giambi,2000,hitter,UTIL,600,12.08,0.0,1.21,4952048
davisal02,Albert Davis,1927,pitcher,SP,324,0.0,11.82,1.18,4866460
burrepa01,Pat Burrell,2000,hitter,UTIL,600,11.79,0.0,1.18,4866460
colbrgr01,Greg Colbrunn,2000,hitter,UTIL,600,11.74,0.0,1.17,4837930
gracema01,Mark Grace,2000,hitter,UTIL,600,11.62,0.0,1.16,4809401
coopean99,Andy Cooper,1927,pitcher,SP,342,0.0,11.38,1.14,4752342
wingfte01,Ted Wingfield,1927,pitcher,SP,346,0.0,11.38,1.14,4752342
chrisry01,Ryan Christenson,2000,hitter,UTIL,600,11.37,0.0,1.14,4752342
gonzami01,Mike Gonzalez,1927,hitter,UTIL,600,11.24,0.0,1.12,4695284
stoneli01,Lil Stoner,1927,pitcher,SP,750,0.0,11.25,1.12,4695284
reddidi01,Dick Redding,1927,pitcher,SP,184,0.0,11.04,1.1,4638225
shautjo01,Joe Shaute,1927,pitcher,SP,750,0.0,10.91,1.09,4609696
metzlal01,Alex Metzler,1927,hitter,UTIL,600,10.73,0.0,1.07,4552637
starkot01,Otis Starks,1927,pitcher,SP,199,0.0,10.66,1.07,4552637
sweetle01,Les Sweetland,1927,pitcher,SP,494,0.0,10.73,1.07,4552637
beckeri01,Rich Becker,2000,hitter,UTIL,600,10.73,0.0,1.07,4552637
daviser01,Eric Davis,2000,hitter,UTIL,600,10.57,0.0,1.06,4524108
durhara01,Ray Durham,2000,hitter,UTIL,600,10.59,0.0,1.06,4524108
speaktr01,Tris Speaker,1927,hitter,UTIL,600,10.51,0.0,1.05,4495579
wilkeha01,Harry Wilke,1927,hitter,UTIL,600,10.49,0.0,1.05,4495579
cordewi01,Wil Cordero,2000,hitter,UTIL,600,10.52,0.0,1.05,4495579
grievbe01,Ben Grieve,2000,hitter,UTIL,600,10.5,0.0,1.05,4495579
mostijo01,Johnny Mostil,1927,hitter,UTIL,600,10.45,0.0,1.04,4467049
belleal01,Albert Belle,2000,hitter,UTIL,600,10.34,0.0,1.03,4438520
hendrha01,Harvey Hendrick,1927,hitter,UTIL,600,10.19,0.0,1.02,4409991
bakopa01,Paul Bako,2000,hitter,UTIL,600,10.23,0.0,1.02,4409991
coxst01,Steve Cox,2000,hitter,UTIL,600,10.25,0.0,1.02,4409991
hodapjo01,Johnny Hodapp,1927,hitter,UTIL,600,10.1,0.0,1.01,4381461
thomada04,Dave Thomas,1927,hitter,UTIL,600,10.03,0.0,1.0,4352932
yoterel01,Elmer Yoter,1927,hitter,UTIL,600,10.03,0.0,1.0,4352932
johnscl02,Claude Johnson,1927,hitter,UTIL,600,9.94,0.0,0.99,4324403
benarma01,Marvin Benard,2000,hitter,UTIL,600,9.88,0.0,0.99,4324403
josepne01,Newt Joseph,1927,hitter,UTIL,600,9.76,0.0,0.98,4295873
maranra01,Rabbit Maranville,1927,hitter,UTIL,600,9.85,0.0,0.98,4295873
mothedi01,Dink Mothell,1927,hitter,UTIL,600,9.83,0.0,0.98,4295873
myattgl01,Glenn Myatt,1927,hitter,UTIL,600,9.84,0.0,0.98,4295873
rosswi01,William Ross,1927,pitcher,SP,270,0.0,9.77,0.98,4295873
bladera01,Ray Blades,1927,hitter,UTIL,600,9.57,0.0,0.96,4238815
lockhhu01,Hubert Lockhart,1927,pitcher,SP,431,0.0,9.57,0.96,4238815
russpy01,Pythias Russ,1927,hitter,UTIL,600,9.46,0.0,0.95,4210285
wingoal01,Al Wingo,1927,hitter,UTIL,600,9.47,0.0,0.95,4210285
frankfr02,Fred Frankhouse,1927,pitcher,SP,212,0.0,9.35,0.94,4181756
freigho01,Howard Freigau,1927,hitter,UTIL,600,9.41,0.0,0.94,4181756
roettos01,Oscar Roettger,1927,hitter,UTIL,600,9.38,0.0,0.94,4181756
hamptlu01,Lucius Hampton,1927,pitcher,SP,258,0.0,9.28,0.93,4153227
clarkwi02,Will Clark,2000,hitter,UTIL,600,9.2,0.0,0.92,4124697
rojoju01,Julio Rojo,1927,hitter,UTIL,600,9.13,0.0,0.91,4096168
fletcda01,Darrin Fletcher,2000,hitter,UTIL,600,9.12,0.0,0.91,4096168
highan01,Andy High,1927,hitter,UTIL,600,8.99,0.0,0.9,4067639
yancebi01,Bill Yancey,1927,hitter,UTIL,600,9.04,0.0,0.9,4067639
coopesa01,Sam Cooper,1927,pitcher,SP,299,0.0,8.85,0.89,4039109
cirilje01,Jeff Cirillo,2000,hitter,UTIL,600,8.9,0.0,0.89,4039109
gantro01,Ron Gant,2000,hitter,UTIL,600,8.93,0.0,0.89,4039109
foxxji01,Jimmie Foxx,1927,hitter,UTIL,600,8.83,0.0,0.88,4010580
dixonle01,Leo Dixon,1927,hitter,UTIL,600,8.72,0.0,0.87,3982051
edwarfo01,Foster Edwards,1927,pitcher,SP,413,0.0,8.69,0.87,3982051
klingjo02,Joe Klinger,1927,hitter,UTIL,600,8.72,0.0,0.87,3982051
alvarra01,Raúl Álvarez,1927,pitcher,SP,218,0.0,8.61,0.86,3953522
casonjo01,John Cason,1927,hitter,UTIL,600,8.59,0.0,0.86,3953522
cantrgu01,Guy Cantrell,1927,pitcher,SP,129,0.0,8.54,0.85,3924992
pittipi01,Clarke Pittenger,1927,hitter,UTIL,600,8.48,0.0,0.85,3924992
waterte01,Ted Waters,1927,hitter,UTIL,600,8.28,0.0,0.83,3867934
spearwi01,Willie Spearman,1927,pitcher,SP,147,0.0,8.17,0.82,3839404
cobbty01,Ty Cobb,1927,hitter,UTIL,600,8.12,0.0,0.81,3810875
freemjo01,John Freeman,1927,hitter,UTIL,600,8.12,0.0,0.81,3810875
hollocr01,Crush Holloway,1927,hitter,UTIL,600,8.03,0.0,0.8,3782346
sweatge01,George Sweatt,1927,hitter,UTIL,600,8.04,0.0,0.8,3782346
fothebo01,Bob Fothergill,1927,hitter,UTIL,600,7.88,0.0,0.79,3753816
griffke02,Ken Griffey,2000,hitter,UTIL,600,7.94,0.0,0.79,3753816
thomamy01,Myles Thomas,1927,pitcher,SP,399,0.0,7.78,0.78,3725287
buforda01,Damon Buford,2000,hitter,UTIL,600,7.78,0.0,0.78,3725287
purdypi01,Pid Purdy,1927,hitter,UTIL,600,7.71,0.0,0.77,3696758
castrra01,Ramon Castro,2000,hitter,UTIL,600,7.72,0.0,0.77,3696758
deanne01,Nelson Dean,1927,pitcher,SP,330,0.0,7.63,0.76,3668228
devivbe01,Bernie DeViveiros,1927,hitter,UTIL,600,7.55,0.0,0.75,3639699
daniepe02,Pepper Daniels,1927,hitter,UTIL,600,7.36,0.0,0.74,3611170
gehrich01,Charlie Gehringer,1927,hitter,UTIL,600,7.42,0.0,0.74,3611170
mannle01,Les Mann,1927,hitter,UTIL,600,7.38,0.0,0.74,3611170
aurilri01,Rich Aurilia,2000,hitter,UTIL,600,7.4,0.0,0.74,3611170
moorera01,Randy Moore,1927,hitter,UTIL,600,7.16,0.0,0.72,3554111
willile02,Lefty Willis,1927,pitcher,SP,122,0.0,7.25,0.72,3554111
branige01,George Branigan,1927,pitcher,SP,186,0.0,7.07,0.71,3525582
willich02,Charley Williams,1927,hitter,UTIL,600,7.13,0.0,0.71,3525582
wilsojo02,John Wilson,1927,pitcher,SP,113,0.0,7.12,0.71,3525582
braggda01,Darren Bragg,2000,hitter,UTIL,600,7.11,0.0,0.71,3525582
bressru01,Rube Bressler,1927,hitter,UTIL,600,6.98,0.0,0.7,3497052
rigalma01,Manuel Rigal,1927,hitter,UTIL,600,7.02,0.0,0.7,3497052
ruethdu01,Dutch Ruether,1927,pitcher,SP,750,0.0,6.81,0.68,3439994
ringji01,Jimmy Ring,1927,pitcher,SP,156,0.0,6.69,0.67,3411464
rogerna01,Nat Rogers,1927,hitter,UTIL,600,6.68,0.0,0.67,3411464
booneaa01,Aaron Boone,2000,hitter,UTIL,600,6.62,0.0,0.66,3382935
radclal01,Alex Radcliff,1927,hitter,UTIL,600,6.48,0.0,0.65,3354406
todtph01,Phil Todt,1927,hitter,UTIL,600,6.49,0.0,0.65,3354406
vanceco02,Columbus Vance,1927,pitcher,SP,127,0.0,6.53,0.65,3354406
kenyoha01,Harry Kenyon,1927,pitcher,SP,236,0.0,6.4,0.64,3325876
sheelea01,Earl Sheely,1927,hitter,UTIL,600,6.25,0.0,0.63,3297347
duganjo01,Joe Dugan,1927,hitter,UTIL,600,6.18,0.0,0.62,3268818
gisenwi01,Willie Gisentaner,1927,pitcher,SP,239,0.0,6.17,0.62,3268818
dearbu01,Buddy Dear,1927,hitter,UTIL,600,6.13,0.0,0.61,3240289
daubabr01,Brian Daubach,2000,hitter,UTIL,600,6.12,0.0,0.61,3240289
henrydu01,Dutch Henry,1927,pitcher,SP,711,0.0,5.98,0.6,3211759
curtich01,Chad Curtis,2000,hitter,UTIL,600,5.93,0.0,0.59,3183230
barrebo01,Bob Barrett,1927,hitter,UTIL,600,5.78,0.0,0.58,3154701
schulfr02,Fred Schulte,1927,hitter,UTIL,600,5.84,0.0,0.58,3154701
catalfr01,Frank Catalanotto,2000,hitter,UTIL,600,5.83,0.0,0.58,3154701
walkead01,Admiral Walker,1927,pitcher,SP,130,0.0,5.75,0.57,3126171
foxan01,Andy Fox,2000,hitter,UTIL,600,5.69,0.0,0.57,3126171
fewstch01,Chick Fewster,1927,hitter,UTIL,600,5.62,0.0,0.56,3097642
meredge01,Geechie Meredith,1927,hitter,UTIL,600,5.58,0.0,0.56,3097642
carrge01,George Carr,1927,hitter,UTIL,600,5.49,0.0,0.55,3069113
flagsir01,Ira Flagstead,1927,hitter,UTIL,600,5.45,0.0,0.55,3069113
willipo02,Poindexter Williams,1927,hitter,UTIL,600,5.55,0.0,0.55,3069113
daniefr01,Fred Daniels,1927,pitcher,SP,185,0.0,5.38,0.54,3040583
tavenja01,Jackie Tavener,1927,hitter,UTIL,600,5.42,0.0,0.54,3040583
peelho01,Homer Peel,1927,hitter,UTIL,600,5.29,0.0,0.53,3012054
brownju01,Jumbo Brown,1927,pitcher,SP,98,0.0,5.08,0.51,2954995
gillehe01,Henry Gillespie,1927,pitcher,SP,187,0.0,5.12,0.51,2954995
gurleea01,Earl Gurley,1927,pitcher,SP,85,0.0,5.11,0.51,2954995
ydeem01,Emil Yde,1927,pitcher,SP,146,0.0,5.09,0.51,2954995
zomphch01,Charles Zomphier,1927,hitter,UTIL,600,5.15,0.0,0.51,2954995
brillji01,Jim Brillheart,1927,pitcher,SP,556,0.0,4.97,0.5,2926466
saundru01,Rusty Saunders,1927,hitter,UTIL,600,4.99,0.0,0.5,2926466
fickro01,Robert Fick,2000,hitter,UTIL,600,4.96,0.0,0.5,2926466
friasha01,Hanley Frias,2000,hitter,UTIL,600,4.96,0.0,0.5,2926466
gilesbr02,Brian Giles,2000,hitter,UTIL,600,4.99,0.0,0.5,2926466
davisst04,Steel Arm Davis,1927,hitter,UTIL,600,4.85,0.0,0.49,2897937
smith14,Smith,1927,hitter,UTIL,600,4.89,0.0,0.49,2897937
agbaybe01,Benny Agbayani,2000,hitter,UTIL,600,4.93,0.0,0.49,2897937
durazer01,Erubiel Durazo,2000,hitter,UTIL,600,4.87,0.0,0.49,2897937
fiallge01,George Fiall,1927,hitter,UTIL,600,4.78,0.0,0.48,2869407
langfsa01,Sam Langford,1927,hitter,UTIL,600,4.77,0.0,0.48,2869407
blumge01,Geoff Blum,2000,hitter,UTIL,600,4.75,0.0,0.48,2869407
littlca01,Carlisle Littlejohn,1927,pitcher,SP,178,0.0,4.74,0.47,2840878
schanbo01,Bobby Schang,1927,hitter,UTIL,600,4.66,0.0,0.47,2840878
thompsa02,Sandy Thompson,1927,hitter,UTIL,600,4.66,0.0,0.47,2840878
hearnbu02,Bunny Hearn,1927,pitcher,SP,59,0.0,4.59,0.46,2812349
spencro01,Roy Spencer,1927,hitter,UTIL,600,4.62,0.0,0.46,2812349
billijo02,Josh Billings,1927,pitcher,SP,302,0.0,4.49,0.45,2783819
corbech01,Charles Corbett,1927,pitcher,SP,171,0.0,4.48,0.45,2783819
hawkile01,Lemuel Hawkins,1927,hitter,UTIL,600,4.5,0.0,0.45,2783819
jordabu01,Buck Jordan,1927,hitter,UTIL,600,4.53,0.0,0.45,2783819
picked01,Eddie Pick,1927,hitter,UTIL,600,4.51,0.0,0.45,2783819
wanerll01,Lloyd Waner,1927,hitter,UTIL,600,4.5,0.0,0.45,2783819
brownb02,B. Brown,1927,hitter,UTIL,600,4.4,0.0,0.44,2755290
leonabo01,Bobo Leonard,1927,hitter,UTIL,600,4.43,0.0,0.44,2755290
burnije01,Jeromy Burnitz,2000,hitter,UTIL,600,4.36,0.0,0.44,2755290
alonsro01,Rogelio Alonso,1927,pitcher,SP,233,0.0,4.3,0.43,2726761
farredo01,Doc Farrell,1927,hitter,UTIL,600,4.26,0.0,0.43,2726761
wesleed01,Edgar Wesley,1927,hitter,UTIL,600,4.33,0.0,0.43,2726761
duceyro01,Rob Ducey,2000,hitter,UTIL,600,4.28,0.0,0.43,2726761
bolenst01,Stew Bolen,1927,pitcher,SP,44,0.0,4.18,0.42,2698231
hilljo01,Johnson Hill,1927,hitter,UTIL,600,4.2,0.0,0.42,2698231
saundau01,Augustus Saunders,1927,hitter,UTIL,600,4.22,0.0,0.42,2698231
keenvi01,Vic Keen,1927,pitcher,SP,152,0.0,4.06,0.41,2669702
koenima01,Mark Koenig,1927,hitter,UTIL,600,4.08,0.0,0.41,2669702
plittno01,Norman Plitt,1927,pitcher,SP,319,0.0,4.06,0.41,2669702
bassljo01,Johnny Bassler,1927,hitter,UTIL,600,4.02,0.0,0.4,2641173
abbotku01,Kurt Abbott,2000,hitter,UTIL,600,4.04,0.0,0.4,2641173
johnsji02,Jing Johnson,1927,pitcher,SP,205,0.0,3.91,0.39,2612643
lyonste01,Ted Lyons,1927,pitcher,SP,750,0.0,3.91,0.39,2612643
millsar01,Art Mills,1927,pitcher,SP,173,0.0,3.87,0.39,2612643
mirabju01,Juanelo Mirabal,1927,pitcher,SP,213,0.0,3.93,0.39,2612643
recto01,Rector,1927,hitter,UTIL,600,3.86,0.0,0.39,2612643
attredi01,Dick Attreau,1927,hitter,UTIL,600,3.83,0.0,0.38,2584114
brookir01,Irvin Brooks,1927,hitter,UTIL,600,3.82,0.0,0.38,2584114
bushjo01,Bullet Joe Bush,1927,pitcher,SP,100,0.0,3.84,0.38,2584114
jacksto01,Tom Jackson,1927,pitcher,SP,195,0.0,3.78,0.38,2584114
gravesi01,Sid Graves,1927,hitter,UTIL,600,3.7,0.0,0.37,2555585
heathcl01,Cliff Heathcote,1927,hitter,UTIL,600,3.68,0.0,0.37,2555585
mcnaihu01,Hurley McNair,1927,hitter,UTIL,600,3.72,0.0,0.37,2555585
johnspe02,Pearley Johnson,1927,hitter,UTIL,600,3.64,0.0,0.36,2527056
smithcl03,Cleo Smith,1927,hitter,UTIL,600,3.58,0.0,0.36,2527056
torricr99,Cristóbal Torriente,1927,pitcher,SP,122,0.0,3.64,0.36,2527056
reinhar01,Art Reinhart,1927,pitcher,SP,348,0.0,3.47,0.35,2498526
wolfra01,Ray Wolf,1927,hitter,UTIL,600,3.51,0.0,0.35,2498526
cabreor01,Orlando Cabrera,2000,hitter,UTIL,600,3.45,0.0,0.35,2498526
casanra01,Raul Casanova,2000,hitter,UTIL,600,3.46,0.0,0.35,2498526
murrage01,George Murray,1927,pitcher,SP,89,0.0,3.42,0.34,2469997
brownge03,George Brown,1927,pitcher,SP,190,0.0,3.3,0.33,2441468
dihigma99,Martín Dihigo,1927,pitcher,SP,80,0.0,3.31,0.33,2441468
lindsfr01,Freddie Lindstrom,1927,hitter,UTIL,600,3.29,0.0,0.33,2441468
underwi01,Vern Underhill,1927,pitcher,SP,45,0.0,3.31,0.33,2441468
bicheda01,Dante Bichette,2000,hitter,UTIL,600,3.29,0.0,0.33,2441468
burnejo01,Johnny Burnett,1927,hitter,UTIL,600,3.08,0.0,0.31,2384409
andresh01,Shane Andrews,2000,hitter,UTIL,600,3.08,0.0,0.31,2384409
barobe01,Bernardo Baró,1927,pitcher,SP,41,0.0,3.01,0.3,2355880
cronijo01,Joe Cronin,1927,hitter,UTIL,600,2.97,0.0,0.3,2355880
halesa01,Sammy Hale,1927,hitter,UTIL,600,3.04,0.0,0.3,2355880
bradlmi01,Milton Bradley,2000,hitter,UTIL,600,3.04,0.0,0.3,2355880
spurgfr01,Freddy Spurgeon,1927,hitter,UTIL,600,2.93,0.0,0.29,2327350
rollire01,Red Rollings,1927,hitter,UTIL,600,2.75,0.0,0.28,2298821
collied01,Eddie Collins,1927,hitter,UTIL,600,2.69,0.0,0.27,2270292
crespro01,Rogelio Crespo,1927,hitter,UTIL,600,2.71,0.0,0.27,2270292
gerkege01,George Gerken,1927,hitter,UTIL,600,2.66,0.0,0.27,2270292
barkeke01,Kevin Barker,2000,hitter,UTIL,600,2.66,0.0,0.27,2270292
jacobme01,Merwin Jacobson,1927,hitter,UTIL,600,2.65,0.0,0.26,2241762
kressre01,Red Kress,1927,hitter,UTIL,600,2.63,0.0,0.26,2241762
riggibi01,Bill Riggins,1927,hitter,UTIL,600,2.56,0.0,0.26,2241762
rodribe01,Bernardo Rodríguez,1927,pitcher,SP,107,0.0,2.64,0.26,2241762
thomafa01,Fay Thomas,1927,pitcher,SP,71,0.0,2.55,0.26,2241762
waybo01,Bob Way,1927,hitter,UTIL,600,2.58,0.0,0.26,2241762
falkch01,Chet Falk,1927,pitcher,SP,83,0.0,2.5,0.25,2213233
hankido01,Don Hankins,1927,pitcher,SP,198,0.0,2.45,0.25,2213233
milleru01,Russ Miller,1927,pitcher,SP,70,0.0,2.52,0.25,2213233
pritcwi01,Wilbert Pritchett,1927,pitcher,SP,60,0.0,2.47,0.25,2213233
vaughha01,Harry Vaughn,1927,hitter,UTIL,600,2.45,0.0,0.24,2184704
griercl01,Claude Grier,1927,pitcher,SP,75,0.0,2.29,0.23,2156174
palmcl01,Clarence Palm,1927,hitter,UTIL,600,2.27,0.0,0.23,2156174
philler01,Ernie Phillips,1927,pitcher,SP,61,0.0,2.25,0.23,2156174
tayloca99,Candy Jim Taylor,1927,pitcher,SP,45,0.0,2.3,0.23,2156174
thomacl03,Clint Thomas,1927,hitter,UTIL,600,2.29,0.0,0.23,2156174
hancoar01,Art Hancock,1927,hitter,UTIL,600,2.22,0.0,0.22,2127645
mooresq01,Square Moore,1927,pitcher,SP,264,0.0,2.17,0.22,2127645
wrighji01,Jim Wright,1927,pitcher,SP,49,0.0,2.23,0.22,2127645
barnhcl01,Clyde Barnhart,1927,hitter,UTIL,600,2.11,0.0,0.21,2099116
goldsha01,Hal Goldsmith,1927,pitcher,SP,320,0.0,2.06,0.21,2099116
powerik01,Ike Powers,1927,pitcher,SP,110,0.0,2.13,0.21,2099116
reynoca01,Carl Reynolds,1927,hitter,UTIL,600,2.15,0.0,0.21,2099116
bergejo02,Johnny Berger,1927,hitter,UTIL,600,2.01,0.0,0.2,2070586
dawsojo01,Joe Dawson,1927,pitcher,SP,349,0.0,1.97,0.2,2070586
doyleje01,Jess Doyle,1927,pitcher,SP,57,0.0,2.04,0.2,2070586
sheame01,Merv Shea,1927,hitter,UTIL,600,2.0,0.0,0.2,2070586
hensleg01,Eggie Hensley,1927,pitcher,SP,130,0.0,1.86,0.19,2042057
lee03,Lee,1927,hitter,UTIL,600,1.89,0.0,0.19,2042057
nichoch01,Chet Nichols,1927,pitcher,SP,132,0.0,1.88,0.19,2042057
pinelba01,Babe Pinelli,1927,hitter,UTIL,600,1.93,0.0,0.19,2042057
wardpi02,Pinky Ward,1927,hitter,UTIL,600,1.89,0.0,0.19,2042057
weinele01,Lefty Weinert,1927,pitcher,SP,90,0.0,1.92,0.19,2042057
cabrejo02,Jolbert Cabrera,2000,hitter,UTIL,600,1.88,0.0,0.19,2042057
hamiljh01,J. H. Hamilton,1927,hitter,UTIL,600,1.77,0.0,0.18,2013528
hickscl01,Clarence Hicks,1927,hitter,UTIL,600,1.76,0.0,0.18,2013528
judgejo01,Joe Judge,1927,hitter,UTIL,600,1.84,0.0,0.18,2013528
meuseir01,Irish Meusel,1927,hitter,UTIL,600,1.75,0.0,0.18,2013528
alexape01,Pete Alexander,1927,pitcher,SP,750,0.0,1.69,0.17,1984998
bowerle01,Lefty Bowers,1927,pitcher,SP,38,0.0,1.68,0.17,1984998
cantwbe01,Ben Cantwell,1927,pitcher,SP,87,0.0,1.69,0.17,1984998
charlpo01,Porter Charleston,1927,pitcher,SP,113,0.0,1.74,0.17,1984998
mesapa01,Pablo Mesa,1927,hitter,UTIL,600,1.75,0.0,0.17,1984998
beckcl01,Clyde Beck,1927,hitter,UTIL,600,1.58,0.0,0.16,1956469
mackebi99,Biz Mackey,1927,hitter,UTIL,600,1.63,0.0,0.16,1956469
bakerne01,Neal Baker,1927,pitcher,SP,84,0.0,1.5,0.15,1927940
bradlhe01,Herb Bradley,1927,pitcher,SP,92,0.0,1.54,0.15,1927940
jenki01,Jenkins,1927,hitter,UTIL,600,1.49,0.0,0.15,1927940
parnero01,Roy Parnell,1927,pitcher,SP,54,0.0,1.49,0.15,1927940
parrama02,Manuel Parrado,1927,pitcher,SP,74,0.0,1.47,0.15,1927940
scottpe01,Pete Scott,1927,hitter,UTIL,600,1.46,0.0,0.15,1927940
wellsed01,Ed Wells,1927,pitcher,SP,91,0.0,1.49,0.15,1927940
beckbo01,Boom-Boom Beck,1927,pitcher,SP,53,0.0,1.42,0.14,1899410
burnsge02,George Burns,1927,hitter,UTIL,600,1.43,0.0,0.14,1899410
henlibu01,Butch Henline,1927,hitter,UTIL,600,1.39,0.0,0.14,1899410
johnsge01,George Johnson,1927,hitter,UTIL,600,1.37,0.0,0.14,1899410
martist02,Stack Martin,1927,hitter,UTIL,600,1.39,0.0,0.14,1899410
smaulow01,Owen Smaulding,1927,pitcher,SP,106,0.0,1.44,0.14,1899410
dillala01,Lamon Dillard,1927,pitcher,SP,37,0.0,1.26,0.13,1870881
hopkipa01,Paul Hopkins,1927,pitcher,SP,42,0.0,1.28,0.13,1870881
sukefcl01,Clyde Sukeforth,1927,hitter,UTIL,600,1.34,0.0,0.13,1870881
bennefr01,Frank Bennett,1927,pitcher,SP,52,0.0,1.19,0.12,1842352
ehrharu01,Rube Ehrhardt,1927,pitcher,SP,404,0.0,1.24,0.12,1842352
sommeru01,Rudy Sommers,1927,pitcher,SP,69,0.0,1.17,0.12,1842352
ussatdu01,Dutch Ussat,1927,hitter,UTIL,600,1.24,0.0,0.12,1842352
applepe01,Pete Appleton,1927,pitcher,SP,128,0.0,1.12,0.11,1813823
beckmji01,Jim Beckman,1927,pitcher,SP,62,0.0,1.11,0.11,1813823
covelst01,Stan Coveleski,1927,pitcher,SP,63,0.0,1.12,0.11,1813823
walkecu01,Curt Walker,1927,hitter,UTIL,600,1.06,0.0,0.11,1813823
bergda01,Dave Berg,2000,hitter,UTIL,600,1.07,0.0,0.11,1813823
francma01,Matt Franco,2000,hitter,UTIL,600,1.07,0.0,0.11,1813823
fullmbr01,Brad Fullmer,2000,hitter,UTIL,600,1.13,0.0,0.11,1813823
auguscl01,Clyde Augustus,1927,pitcher,SP,35,0.0,1.02,0.1,1785293
carrwa01,Wayne Carr,1927,pitcher,SP,82,0.0,1.02,0.1,1785293
giardjo01,Joe Giard,1927,pitcher,SP,134,0.0,0.98,0.1,1785293
roushed01,Edd Roush,1927,hitter,UTIL,600,1.03,0.0,0.1,1785293
reidam01,Ambrose Reid,1927,hitter,UTIL,600,0.98,0.0,0.1,1785293
bergmo01,Moe Berg,1927,hitter,UTIL,600,0.89,0.0,0.09,1756764
brownji04,Jim Brown,1927,hitter,UTIL,600,0.91,0.0,0.09,1756764
coffmdi01,Dick Coffman,1927,pitcher,SP,71,0.0,0.92,0.09,1756764
dismudi01,Dizzy Dismukes,1927,pitcher,SP,15,0.0,0.85,0.09,1756764
rhyneha01,Hal Rhyne,1927,hitter,UTIL,600,0.87,0.0,0.09,1756764
claytro01,Royce Clayton,2000,hitter,UTIL,600,0.94,0.0,0.09,1756764
cheevvi01,Virgil Cheeves,1927,pitcher,SP,30,0.0,0.84,0.08,1728235
juddra01,Ralph Judd,1927,pitcher,SP,22,0.0,0.76,0.08,1728235
boonebr01,Bret Boone,2000,hitter,UTIL,600,0.8,0.0,0.08,1728235
bentlja01,Jack Bentley,1927,pitcher,SP,47,0.0,0.74,0.07,1699705
lopezca02,Cando López,1927,hitter,UTIL,600,0.69,0.0,0.07,1699705
rileed01,Ed Rile,1927,pitcher,SP,580,0.0,0.68,0.07,1699705
boneyha01,Hank Boney,1927,pitcher,SP,17,0.0,0.67,0.07,1699705
coninje01,Jeff Conine,2000,hitter,UTIL,600,0.74,0.0,0.07,1699705
booneik01,Ike Boone,1927,hitter,UTIL,600,0.58,0.0,0.06,1671176
chapmed02,Edward Chapman,1927,pitcher,SP,9,0.0,0.55,0.06,1671176
deanwa01,Wayland Dean,1927,pitcher,SP,24,0.0,0.59,0.06,1671176
smithcl02,Clarence Smith,1927,pitcher,SP,12,0.0,0.63,0.06,1671176
walkuji01,Jim Walkup,1927,pitcher,SP,8,0.0,0.56,0.06,1671176
collaha01,Hap Collard,1927,pitcher,SP,29,0.0,0.65,0.06,1671176
johnssy01,Syl Johnson,1927,pitcher,SP,12,0.0,0.56,0.06,1671176
bellja01,Jay Bell,2000,hitter,UTIL,600,0.61,0.0,0.06,1671176
dudleed01,Ed Dudley,1927,pitcher,SP,47,0.0,0.52,0.05,1642647
cremibo01,Bob Cremins,1927,pitcher,SP,24,0.0,0.51,0.05,1642647
bellfr03,Fred Bell,1927,pitcher,SP,42,0.0,0.43,0.04,1614117
howar05,Howard,1927,pitcher,SP,17,0.0,0.43,0.04,1614117
laynehe01,Herman Layne,1927,hitter,UTIL,600,0.38,0.0,0.04,1614117
meansle01,Lewis Means,1927,hitter,UTIL,600,0.38,0.0,0.04,1614117
onealsk01,Oran O'Neal,1927,pitcher,SP,25,0.0,0.38,0.04,1614117
roylu01,Luther Roy,1927,pitcher,SP,82,0.0,0.38,0.04,1614117
ferrewe01,Wes Ferrell,1927,pitcher,SP,8,0.0,0.45,0.04,1614117
jonesdi01,Dick Jones,1927,pitcher,SP,24,0.0,0.4,0.04,1614117
welchjo01,Johnny Welch,1927,pitcher,SP,7,0.0,0.37,0.04,1614117
gonzaal02,Alex Gonzalez,2000,hitter,UTIL,600,0.43,0.0,0.04,1614117
baeched01,Ed Baecht,1927,pitcher,SP,31,0.0,0.25,0.03,1585588
baylo01,Baylock,1927,pitcher,SP,13,0.0,0.29,0.03,1585588
duncawa01,Warren Duncan,1927,hitter,UTIL,600,0.26,0.0,0.03,1585588
dyered01,Eddie Dyer,1927,pitcher,SP,12,0.0,0.31,0.03,1585588
dykesji01,Jimmy Dykes,1927,pitcher,SP,8,0.0,0.29,0.03,1585588
marceol01,Oliver Marcell,1927,hitter,UTIL,600,0.25,0.0,0.03,1585588
millebo06,Bob Miller,1927,hitter,UTIL,600,0.31,0.0,0.03,1585588
moorebi02,Bill Moore,1927,hitter,UTIL,600,0.26,0.0,0.03,1585588
rublear01,Art Ruble,1927,hitter,UTIL,600,0.32,0.0,0.03,1585588
sandhe01,Heinie Sand,1927,hitter,UTIL,600,0.32,0.0,0.03,1585588
stockte01,Ted Stockard,1927,hitter,UTIL,600,0.25,0.0,0.03,1585588
bradfch03,Charlie Bradford,1927,pitcher,SP,9,0.0,0.27,0.03,1585588
grampha01,Hank Grampp,1927,pitcher,SP,13,0.0,0.3,0.03,1585588
hollamu01,Mul Holland,1927,pitcher,SP,9,0.0,0.34,0.03,1585588
peeryre01,Red Peery,1927,pitcher,SP,5,0.0,0.33,0.03,1585588
blaehge01,George Blaeholder,1927,pitcher,SP,37,0.0,0.17,0.02,1557059
bradlre01,Red Bradley,1927,pitcher,SP,18,0.0,0.22,0.02,1557059
dixonjo01,Johnnie Bob Dixon,1927,pitcher,SP,35,0.0,0.2,0.02,1557059
grimmch01,Charlie Grimm,1927,hitter,UTIL,600,0.19,0.0,0.02,1557059
hende04,Henderson,1927,pitcher,SP,12,0.0,0.2,0.02,1557059
jeanete01,Tex Jeanes,1927,pitcher,SP,7,0.0,0.2,0.02,1557059
kenwo01,Kenwood,1927,pitcher,SP,9,0.0,0.2,0.02,1557059
walshau02,Augie Walsh,1927,pitcher,SP,42,0.0,0.22,0.02,1557059
bushefr01,Frank Bushey,1927,pitcher,SP,6,0.0,0.23,0.02,1557059
edwargi01,Gilbert Edwards,1927,pitcher,SP,3,0.0,0.19,0.02,1557059
johnsar01,Art Johnson,1927,pitcher,SP,11,0.0,0.22,0.02,1557059
walkebi01,Bill Walker,1927,pitcher,SP,23,0.0,0.23,0.02,1557059
darrmi02,Mike Darr,2000,hitter,UTIL,600,0.23,0.0,0.02,1557059
charlos99,Oscar Charleston,1927,pitcher,SP,15,0.0,0.14,0.01,1528529
hallpe01,Perry Hall,1927,pitcher,SP,4,0.0,0.06,0.01,1528529
smithru01,Rufus Smith,1927,pitcher,SP,37,0.0,0.11,0.01,1528529
beallwa01,Walter Beall,1927,pitcher,SP,4,0.0,0.09,0.01,1528529
brownjo03,Joe Brown,1927,pitcher,SP,3,0.0,0.15,0.01,1528529
hackesp01,Speedball Hackett,1927,pitcher,SP,7,0.0,0.05,0.01,1528529
johnsau01,Augie Johns,1927,pitcher,SP,5,0.0,0.1,0.01,1528529
portene01,Ned Porter,1927,pitcher,SP,10,0.0,0.12,0.01,1528529
vanalcl01,Clay Van Alstyne,1927,pitcher,SP,12,0.0,0.11,0.01,1528529
culloni02,Nick Cullop,1927,pitcher,SP,5,0.0,0.01,0.0,1500000
davissa02,Saul Davis,1927,pitcher,SP,2,0.0,0.03,0.0,1500000
neunjo01,Johnny Neun,1927,hitter,UTIL,600,-0.05,0.0,-0.0,1500000
stewafr01,Frank Stewart,1927,pitcher,SP,19,0.0,0.04,0.0,1500000
wetzebu01,Buzz Wetzel,1927,pitcher,SP,25,0.0,0.03,0.0,1500000
knighja01,Jack Knight,1927,pitcher,SP,16,0.0,-0.05,-0.0,1500000
lucasbi01,Bill Lucas,1927,pitcher,SP,7,0.0,0.0,0.0,1500000
spruijo01,Joe Spruill,1927,pitcher,SP,8,0.0,0.03,0.0,1500000
yerkeca01,Carroll Yerkes,1927,pitcher,SP,4,0.0,0.04,0.0,1500000
blackle01,Lena Blackburne,1927,hitter,UTIL,600,-0.11,0.0,-0.01,1500000
fribebe01,Bernie Friberg,1927,hitter,UTIL,600,-0.12,0.0,-0.01,1500000
lewismi01,Milton Lewis,1927,pitcher,SP,18,0.0,-0.12,-0.01,1500000
mossra01,Ray Moss,1927,pitcher,SP,35,0.0,-0.07,-0.01,1500000
rudoldi01,Dick Rudolph,1927,pitcher,SP,6,0.0,-0.06,-0.01,1500000
mckaiha01,Hal McKain,1927,pitcher,SP,51,0.0,-0.15,-0.02,1500000
wileyfr01,Fred Wiley,1927,pitcher,SP,38,0.0,-0.16,-0.02,1500000
chriscu01,Walter Christensen,1927,hitter,UTIL,600,-0.26,0.0,-0.03,1500000
gilligr01,Grant Gillis,1927,hitter,UTIL,600,-0.33,0.0,-0.03,1500000
levsedu01,Emil Levsen,1927,pitcher,SP,365,0.0,-0.26,-0.03,1500000
rossho01,Howard Ross,1927,pitcher,SP,148,0.0,-0.32,-0.03,1500000
smithsh01,Sherry Smith,1927,pitcher,SP,175,0.0,-0.3,-0.03,1500000
snydefr01,Frank Snyder,1927,hitter,UTIL,600,-0.28,0.0,-0.03,1500000
taberle01,Lefty Taber,1927,pitcher,SP,25,0.0,-0.33,-0.03,1500000
furcara01,Rafael Furcal,2000,hitter,UTIL,600,-0.26,0.0,-0.03,1500000
holmwa01,Wattie Holm,1927,hitter,UTIL,600,-0.43,0.0,-0.04,1500000
mahafro01,Roy Mahaffey,1927,pitcher,SP,45,0.0,-0.37,-0.04,1500000
bellle01,Les Bell,1927,hitter,UTIL,600,-0.54,0.0,-0.05,1500000
bellde01,Derek Bell,2000,hitter,UTIL,600,-0.49,0.0,-0.05,1500000
coomero01,Ron Coomer,2000,hitter,UTIL,600,-0.54,0.0,-0.05,1500000
roettwa01,Wally Roettger,1927,hitter,UTIL,600,-0.59,0.0,-0.06,1500000
westsa01,Sam West,1927,hitter,UTIL,600,-0.63,0.0,-0.06,1500000
haltesh01,Shane Halter,2000,hitter,UTIL,600,-0.61,0.0,-0.06,1500000
faulkji01,Jim Faulkner,1927,pitcher,SP,47,0.0,-0.74,-0.07,1500000
greenwi01,Willie Greene,2000,hitter,UTIL,600,-0.69,0.0,-0.07,1500000
birdile01,Leo Birdine,1927,pitcher,SP,37,0.0,-0.84,-0.08,1500000
jamiech01,Charlie Jamieson,1927,hitter,UTIL,600,-0.84,0.0,-0.08,1500000
monrodo01,Douglass Monroe,1927,hitter,UTIL,600,-0.83,0.0,-0.08,1500000
jonesjo03,Johnny Jones,1927,hitter,UTIL,600,-0.86,0.0,-0.09,1500000
morrigu01,Guy Morrison,1927,pitcher,SP,158,0.0,-0.88,-0.09,1500000
davisru01,Russ Davis,2000,hitter,UTIL,600,-0.92,0.0,-0.09,1500000
garcich03,Chano García,1927,hitter,UTIL,600,-1.12,0.0,-0.11,1500000
greensc01,Scarborough Green,2000,hitter,UTIL,600,-1.09,0.0,-0.11,1500000
cummich01,Chance Cummings,1927,hitter,UTIL,600,-1.16,0.0,-0.12,1500000
morehra01,Ray Morehart,1927,hitter,UTIL,600,-1.22,0.0,-0.12,1500000
wardaa01,Aaron Ward,1927,hitter,UTIL,600,-1.21,0.0,-0.12,1500000
brownbr01,Brant Brown,2000,hitter,UTIL,600,-1.33,0.0,-0.13,1500000
devoral01,Al DeVormer,1927,hitter,UTIL,600,-1.39,0.0,-0.14,1500000
rothrja01,Jack Rothrock,1927,hitter,UTIL,600,-1.42,0.0,-0.14,1500000
millebi02,Bing Miller,1927,hitter,UTIL,600,-1.55,0.0,-0.15,1500000
reganbi01,Bill Regan,1927,hitter,UTIL,600,-1.55,0.0,-0.15,1500000
wrighru01,Russ Wrightstone,1927,hitter,UTIL,600,-1.53,0.0,-0.15,1500000
cedenro01,Roger Cedeno,2000,hitter,UTIL,600,-1.55,0.0,-0.15,1500000
guillca01,Carlos Guillen,2000,hitter,UTIL,600,-1.55,0.0,-0.15,1500000
murrami02,Mitchell Murray,1927,hitter,UTIL,600,-1.57,0.0,-0.16,1500000
southbi01,Billy Southworth,1927,hitter,UTIL,600,-1.58,0.0,-0.16,1500000
davisbe01,Ben Davis,2000,hitter,UTIL,600,-1.67,0.0,-0.17,1500000
corgach01,Chuck Corgan,1927,hitter,UTIL,600,-1.76,0.0,-0.18,1500000
shanewa01,Wally Shaner,1927,hitter,UTIL,600,-1.8,0.0,-0.18,1500000
hambyji01,Jim Hamby,1927,hitter,UTIL,600,-1.91,0.0,-0.19,1500000
hargrch01,Charlie Hargreaves,1927,hitter,UTIL,600,-1.88,0.0,-0.19,1500000
gonzaal01,Alex Gonzalez,2000,hitter,UTIL,600,-1.92,0.0,-0.19,1500000
summeta01,Tack Summers,1927,hitter,UTIL,600,-1.95,0.0,-0.2,1500000
taylobe99,Ben Taylor,1927,hitter,UTIL,600,-2.04,0.0,-0.2,1500000
vargate01,Tetelo Vargas,1927,hitter,UTIL,600,-2.04,0.0,-0.2,1500000
anderbr01,Brady Anderson,2000,hitter,UTIL,600,-2.02,0.0,-0.2,1500000
gutieri01,Ricky Gutierrez,2000,hitter,UTIL,600,-1.96,0.0,-0.2,1500000
bonilbo01,Bobby Bonilla,2000,hitter,UTIL,600,-2.12,0.0,-0.21,1500000
delgawi01,Wilson Delgado,2000,hitter,UTIL,600,-2.05,0.0,-0.21,1500000
encarju01,Juan Encarnacion,2000,hitter,UTIL,600,-2.09,0.0,-0.21,1500000
guilljo01,Jose Guillen,2000,hitter,UTIL,600,-2.21,0.0,-0.22,1500000
brayja01,James Bray,1927,hitter,UTIL,600,-2.33,0.0,-0.23,1500000
seaydi01,Dick Seay,1927,hitter,UTIL,600,-2.31,0.0,-0.23,1500000
toporsp01,George Toporcer,1927,hitter,UTIL,600,-2.26,0.0,-0.23,1500000
odonnha01,Harry O'Donnell,1927,hitter,UTIL,600,-2.41,0.0,-0.24,1500000
brickfr01,Fred Brickell,1927,hitter,UTIL,600,-2.46,0.0,-0.25,1500000
scottbo01,Bob Scott,1927,hitter,UTIL,600,-2.5,0.0,-0.25,1500000
bautida01,Danny Bautista,2000,hitter,UTIL,600,-2.5,0.0,-0.25,1500000
crousbu01,Buck Crouse,1927,hitter,UTIL,600,-2.58,0.0,-0.26,1500000
sierrfe01,Felipe Sierra,1927,hitter,UTIL,600,-2.56,0.0,-0.26,1500000
coonejo01,Johnny Cooney,1927,hitter,UTIL,600,-2.7,0.0,-0.27,1500000
karrbe01,Benn Karr,1927,pitcher,SP,341,0.0,-2.69,-0.27,1500000
owenswi01,Will Owens,1927,hitter,UTIL,600,-2.71,0.0,-0.27,1500000
starkji01,Jim Starks,1927,hitter,UTIL,600,-2.69,0.0,-0.27,1500000
alicelu01,Luis Alicea,2000,hitter,UTIL,600,-2.71,0.0,-0.27,1500000
ariasal01,Alex Arias,2000,hitter,UTIL,600,-2.72,0.0,-0.27,1500000
bobowi01,Willie Bobo,1927,hitter,UTIL,600,-2.87,0.0,-0.29,1500000
critzhu01,Hughie Critz,1927,hitter,UTIL,600,-2.86,0.0,-0.29,1500000
luquedo01,Dolf Luque,1927,pitcher,SP,750,0.0,-2.9,-0.29,1500000
patejo01,Joe Pate,1927,pitcher,SP,249,0.0,-2.91,-0.29,1500000
tysonty01,Ty Tyson,1927,hitter,UTIL,600,-2.94,0.0,-0.29,1500000
cairomi01,Miguel Cairo,2000,hitter,UTIL,600,-2.9,0.0,-0.29,1500000
milleot02,Otis Miller,1927,hitter,UTIL,600,-2.96,0.0,-0.3,1500000
wilsoji01,Jimmie Wilson,1927,hitter,UTIL,600,-2.99,0.0,-0.3,1500000
sewelto01,Tommy Sewell,1927,hitter,UTIL,600,-3.13,0.0,-0.31,1500000
buhneja01,Jay Buhner,2000,hitter,UTIL,600,-3.08,0.0,-0.31,1500000
allenet01,Ethan Allen,1927,hitter,UTIL,600,-3.15,0.0,-0.32,1500000
barnach01,Charlie Barnabe,1927,pitcher,SP,284,0.0,-3.2,-0.32,1500000
malarda01,Dave Malarcher,1927,hitter,UTIL,600,-3.15,0.0,-0.32,1500000
mcnamdi01,Dinny McNamara,1927,hitter,UTIL,600,-3.23,0.0,-0.32,1500000
tuckeol01,Ollie Tucker,1927,hitter,UTIL,600,-3.21,0.0,-0.32,1500000
barneje01,Jesse Barnes,1927,pitcher,SP,360,0.0,-3.32,-0.33,1500000
branodu01,Dud Branom,1927,hitter,UTIL,600,-3.25,0.0,-0.33,1500000
correfr01,Francisco Correa,1927,hitter,UTIL,600,-3.29,0.0,-0.33,1500000
johnsbi05,Bill Johnson,1927,hitter,UTIL,600,-3.41,0.0,-0.34,1500000
karowma01,Marty Karow,1927,hitter,UTIL,600,-3.4,0.0,-0.34,1500000
mcallge01,George McAllister,1927,hitter,UTIL,600,-3.36,0.0,-0.34,1500000
zachato01,Tom Zachary,1927,pitcher,SP,750,0.0,-3.44,-0.34,1500000
caseyse01,Sean Casey,2000,hitter,UTIL,600,-3.42,0.0,-0.34,1500000
castilu01,Luis Castillo,2000,hitter,UTIL,600,-3.39,0.0,-0.34,1500000
castrju01,Juan Castro,2000,hitter,UTIL,600,-3.42,0.0,-0.34,1500000
diazei01,Einar Diaz,2000,hitter,UTIL,600,-3.44,0.0,-0.34,1500000
dixonge01,George Dixon,1927,hitter,UTIL,600,-3.47,0.0,-0.35,1500000
peckiro01,Roger Peckinpaugh,1927,hitter,UTIL,600,-3.54,0.0,-0.35,1500000
sislege01,George Sisler,1927,hitter,UTIL,600,-3.49,0.0,-0.35,1500000
alexama02,Manny Alexander,2000,hitter,UTIL,600,-3.47,0.0,-0.35,1500000
alomasa02,Sandy Alomar,2000,hitter,UTIL,600,-3.48,0.0,-0.35,1500000
bellco99,Cool Papa Bell,1927,hitter,UTIL,600,-3.57,0.0,-0.36,1500000
chacope01,Pelayo Chacón,1927,hitter,UTIL,600,-3.59,0.0,-0.36,1500000
dialslo01,Lou Dials,1927,hitter,UTIL,600,-3.56,0.0,-0.36,1500000
songedo01,Don Songer,1927,pitcher,SP,255,0.0,-3.6,-0.36,1500000
tatebe01,Bennie Tate,1927,hitter,UTIL,600,-3.58,0.0,-0.36,1500000
febleca01,Carlos Febles,2000,hitter,UTIL,600,-3.58,0.0,-0.36,1500000
adamssp01,Sparky Adams,1927,hitter,UTIL,600,-3.67,0.0,-0.37,1500000
bishoma01,Max Bishop,1927,hitter,UTIL,600,-3.72,0.0,-0.37,1500000
brownco02,Country Brown,1927,hitter,UTIL,600,-3.7,0.0,-0.37,1500000
loweki01,Kid Lowe,1927,hitter,UTIL,600,-3.71,0.0,-0.37,1500000
onsloed01,Eddie Onslow,1927,hitter,UTIL,600,-3.74,0.0,-0.37,1500000
willocl01,Claude Willoughby,1927,pitcher,SP,462,0.0,-3.71,-0.37,1500000
bellda01,David Bell,2000,hitter,UTIL,600,-3.67,0.0,-0.37,1500000
hartlgr01,Grover Hartley,1927,hitter,UTIL,600,-3.84,0.0,-0.38,1500000
tomli01,Tomlin,1927,hitter,UTIL,600,-3.9,0.0,-0.39,1500000
myerbu01,Buddy Myer,1927,hitter,UTIL,600,-3.98,0.0,-0.4,1500000
washina01,Namon Washington,1927,hitter,UTIL,600,-4.01,0.0,-0.4,1500000
gwynnto01,Tony Gwynn,2000,hitter,UTIL,600,-4.02,0.0,-0.4,1500000
cardefr01,Francisco Cárdenas,1927,hitter,UTIL,600,-4.07,0.0,-0.41,1500000
colebe01,Bert Cole,1927,pitcher,SP,292,0.0,-4.06,-0.41,1500000
johnsju99,Judy Johnson,1927,hitter,UTIL,600,-4.13,0.0,-0.41,1500000
glanvdo01,Doug Glanville,2000,hitter,UTIL,600,-4.07,0.0,-0.41,1500000
hohmabi01,Bill Hohman,1927,hitter,UTIL,600,-4.16,0.0,-0.42,1500000
jackssa02,Sanford Jackson,1927,hitter,UTIL,600,-4.19,0.0,-0.42,1500000
blankte01,Ted Blankenship,1927,pitcher,SP,750,0.0,-4.41,-0.44,1500000
woodala01,Larry Woodall,1927,hitter,UTIL,600,-4.49,0.0,-0.45,1500000
barrebi02,Bill Barrett,1927,hitter,UTIL,600,-4.6,0.0,-0.46,1500000
gardnje02,Jelly Gardner,1927,hitter,UTIL,600,-4.56,0.0,-0.46,1500000
robinne02,Newt Robinson,1927,hitter,UTIL,600,-4.61,0.0,-0.46,1500000
easleda01,Damion Easley,2000,hitter,UTIL,600,-4.56,0.0,-0.46,1500000
castial01,Alberto Castillo,2000,hitter,UTIL,600,-4.68,0.0,-0.47,1500000
carlycl01,Cleo Carlyle,1927,hitter,UTIL,600,-4.82,0.0,-0.48,1500000
schubhe01,Heinie Schuble,1927,hitter,UTIL,600,-4.84,0.0,-0.48,1500000
shankjo01,John Shanks,1927,hitter,UTIL,600,-4.85,0.0,-0.48,1500000
turneco01,Cool Turner,1927,hitter,UTIL,600,-4.79,0.0,-0.48,1500000
barremi01,Michael Barrett,2000,hitter,UTIL,600,-4.79,0.0,-0.48,1500000
harribu01,Bucky Harris,1927,hitter,UTIL,600,-4.85,0.0,-0.49,1500000
kammwi01,Willie Kamm,1927,hitter,UTIL,600,-4.93,0.0,-0.49,1500000
deberha01,Hank DeBerry,1927,hitter,UTIL,600,-5.04,0.0,-0.5,1500000
hinesjo01,John Hines,1927,hitter,UTIL,600,-4.99,0.0,-0.5,1500000
hydeco01,Cowan Hyde,1927,hitter,UTIL,600,-4.96,0.0,-0.5,1500000
perkicy01,Cy Perkins,1927,hitter,UTIL,600,-5.05,0.0,-0.5,1500000
gilbe01,Benji Gil,2000,hitter,UTIL,600,-4.98,0.0,-0.5,1500000
duncafr01,Frank Duncan,1927,hitter,UTIL,600,-5.06,0.0,-0.51,1500000
belliro01,Ronnie Belliard,2000,hitter,UTIL,600,-5.08,0.0,-0.51,1500000
cruzde01,Deivi Cruz,2000,hitter,UTIL,600,-5.1,0.0,-0.51,1500000
eichrik01,Ike Eichrodt,1927,hitter,UTIL,600,-5.23,0.0,-0.52,1500000
montaes01,Estéban Montalvo,1927,hitter,UTIL,600,-5.22,0.0,-0.52,1500000
ballowi01,Win Ballou,1927,pitcher,SP,396,0.0,-5.41,-0.54,1500000
bennehe01,Herschel Bennett,1927,hitter,UTIL,600,-5.44,0.0,-0.54,1500000
kremera01,Ray Kremer,1927,pitcher,SP,750,0.0,-5.42,-0.54,1500000
fabrejo01,Jorge Fabregas,2000,hitter,UTIL,600,-5.35,0.0,-0.54,1500000
goodwto01,Tom Goodwin,2000,hitter,UTIL,600,-5.4,0.0,-0.54,1500000
guilloz01,Ozzie Guillen,2000,hitter,UTIL,600,-5.36,0.0,-0.54,1500000
adamssp02,Spencer Adams,1927,hitter,UTIL,600,-5.53,0.0,-0.55,1500000
ofarrbo01,Bob O'Farrell,1927,hitter,UTIL,600,-5.46,0.0,-0.55,1500000
schalra01,Ray Schalk,1927,hitter,UTIL,600,-5.47,0.0,-0.55,1500000
floweja01,Jake Flowers,1927,hitter,UTIL,600,-5.57,0.0,-0.56,1500000
batesch01,Charlie Bates,1927,hitter,UTIL,600,-5.69,0.0,-0.57,1500000
clarkea01,Earl Clark,1927,hitter,UTIL,600,-5.74,0.0,-0.57,1500000
jacobba01,Baby Doll Jacobson,1927,hitter,UTIL,600,-5.83,0.0,-0.58,1500000
jeffrha01,Harry Jeffries,1927,hitter,UTIL,600,-5.85,0.0,-0.58,1500000
mcneeea01,Earl McNeely,1927,hitter,UTIL,600,-5.92,0.0,-0.59,1500000
pryoran01,Anderson Pryor,1927,hitter,UTIL,600,-5.92,0.0,-0.59,1500000
eusebto01,Tony Eusebio,2000,hitter,UTIL,600,-5.96,0.0,-0.6,1500000
rogelbi01,Billy Rogell,1927,hitter,UTIL,600,-6.06,0.0,-0.61,1500000
bluelu01,Lu Blue,1927,hitter,UTIL,600,-6.16,0.0,-0.62,1500000
demosbi01,Bingo DeMoss,1927,hitter,UTIL,600,-6.2,0.0,-0.62,1500000
willi02,Williams,1927,hitter,UTIL,600,-6.2,0.0,-0.62,1500000
fryeje01,Jeff Frye,2000,hitter,UTIL,600,-6.2,0.0,-0.62,1500000
bluegos01,Ossie Bluege,1927,hitter,UTIL,600,-6.32,0.0,-0.63,1500000
fordho01,Horace Ford,1927,hitter,UTIL,600,-6.34,0.0,-0.63,1500000
hunnebi01,Bill Hunnefield,1927,hitter,UTIL,600,-6.35,0.0,-0.63,1500000
ricesa01,Sam Rice,1927,hitter,UTIL,600,-6.28,0.0,-0.63,1500000
coraal01,Alex Cora,2000,hitter,UTIL,600,-6.32,0.0,-0.63,1500000
guzmacr01,Cristian Guzman,2000,hitter,UTIL,600,-6.32,0.0,-0.63,1500000
gazelmi01,Mike Gazella,1927,hitter,UTIL,600,-6.4,0.0,-0.64,1500000
hardiha01,Halley Harding,1927,hitter,UTIL,600,-6.41,0.0,-0.64,1500000
joneswi03,Willie Jones,1927,hitter,UTIL,600,-6.43,0.0,-0.64,1500000
mellajo01,Joe Mellana,1927,hitter,UTIL,600,-6.41,0.0,-0.64,1500000
crespfe01,Felipe Crespo,2000,hitter,UTIL,600,-6.5,0.0,-0.65,1500000
abbotje01,Jeff Abbott,2000,hitter,UTIL,600,-6.64,0.0,-0.66,1500000
fonsele01,Lew Fonseca,1927,hitter,UTIL,600,-6.74,0.0,-0.67,1500000
statzji01,Arnold Statz,1927,hitter,UTIL,600,-6.65,0.0,-0.67,1500000
trempov01,Overton Tremper,1927,hitter,UTIL,600,-6.67,0.0,-0.67,1500000
owensde01,Dewitt Owens,1927,hitter,UTIL,600,-6.78,0.0,-0.68,1500000
difelmi01,Mike Difelice,2000,hitter,UTIL,600,-6.79,0.0,-0.68,1500000
perezjo02,José Pérez,1927,hitter,UTIL,600,-6.85,0.0,-0.69,1500000
urbanlu01,Luke Urban,1927,hitter,UTIL,600,-6.86,0.0,-0.69,1500000
castivi02,Vinny Castilla,2000,hitter,UTIL,600,-6.91,0.0,-0.69,1500000
scottjo02,Joe Scott,1927,hitter,UTIL,600,-7.03,0.0,-0.7,1500000
sewellu01,Luke Sewell,1927,hitter,UTIL,600,-6.98,0.0,-0.7,1500000
spalddi01,Dick Spalding,1927,hitter,UTIL,600,-6.97,0.0,-0.7,1500000
tarbear01,Arlie Tarbert,1927,hitter,UTIL,600,-6.98,0.0,-0.7,1500000
brownad01,Adrian Brown,2000,hitter,UTIL,600,-7.02,0.0,-0.7,1500000
dunwoto01,Todd Dunwoody,2000,hitter,UTIL,600,-6.99,0.0,-0.7,1500000
oneilst01,Steve O'Neill,1927,hitter,UTIL,600,-7.07,0.0,-0.71,1500000
whiteja02,Jack White,1927,hitter,UTIL,600,-7.07,0.0,-0.71,1500000
bancrda01,Dave Bancroft,1927,hitter,UTIL,600,-7.18,0.0,-0.72,1500000
benjami01,Mike Benjamin,2000,hitter,UTIL,600,-7.2,0.0,-0.72,1500000
alfonan02,Ángel Alfonso,1927,hitter,UTIL,600,-7.28,0.0,-0.73,1500000
engliwo01,Woody English,1927,hitter,UTIL,600,-7.42,0.0,-0.74,1500000
bushho01,Homer Bush,2000,hitter,UTIL,600,-7.61,0.0,-0.76,1500000
hogansh01,Shanty Hogan,1927,hitter,UTIL,600,-7.72,0.0,-0.77,1500000
richbla01,Lance Richbourg,1927,hitter,UTIL,600,-7.72,0.0,-0.77,1500000
guerrwi01,Wilton Guerrero,2000,hitter,UTIL,600,-7.71,0.0,-0.77,1500000
clarkbo05,Bob Clarke,1927,hitter,UTIL,600,-7.76,0.0,-0.78,1500000
mchasjc01,J. C. McHaskell,1927,hitter,UTIL,600,-7.97,0.0,-0.8,1500000
weraju01,Julie Wera,1927,hitter,UTIL,600,-8.02,0.0,-0.8,1500000
willihe01,Henry Williams,1927,hitter,UTIL,600,-8.03,0.0,-0.8,1500000
gonzawi01,Wiki Gonzalez,2000,hitter,UTIL,600,-8.16,0.0,-0.82,1500000
grissma02,Marquis Grissom,2000,hitter,UTIL,600,-8.2,0.0,-0.82,1500000
jacksdi01,Dick Jackson,1927,hitter,UTIL,600,-8.3,0.0,-0.83,1500000
portuba01,Bartolo Portuondo,1927,hitter,UTIL,600,-8.29,0.0,-0.83,1500000
youngbu01,Burdell Young,1927,hitter,UTIL,600,-8.34,0.0,-0.83,1500000
douthta01,Taylor Douthit,1927,hitter,UTIL,600,-8.35,0.0,-0.84,1500000
durstce01,Cedric Durst,1927,hitter,UTIL,600,-8.41,0.0,-0.84,1500000
holloke01,Ken Holloway,1927,pitcher,SP,750,0.0,-8.42,-0.84,1500000
wannipe01,Paul Wanninger,1927,hitter,UTIL,600,-8.36,0.0,-0.84,1500000
arnolpa01,Paul Arnold,1927,hitter,UTIL,600,-8.74,0.0,-0.87,1500000
barnejo02,John Barnes,1927,hitter,UTIL,600,-8.85,0.0,-0.88,1500000
bengobe01,Benny Bengough,1927,hitter,UTIL,600,-8.84,0.0,-0.88,1500000
pippwa01,Wally Pipp,1927,hitter,UTIL,600,-8.76,0.0,-0.88,1500000
baineha01,Harold Baines,2000,hitter,UTIL,600,-8.8,0.0,-0.88,1500000
cooneji02,Jimmy Cooney,1927,hitter,UTIL,600,-8.88,0.0,-0.89,1500000
maniocl01,Clyde Manion,1927,hitter,UTIL,600,-8.91,0.0,-0.89,1500000
bogarti01,Tim Bogar,2000,hitter,UTIL,600,-8.89,0.0,-0.89,1500000
clarkda04,Danny Clark,1927,hitter,UTIL,600,-8.96,0.0,-0.9,1500000
entenlu01,Luis Entenza,1927,hitter,UTIL,600,-9.11,0.0,-0.91,1500000
hairsje02,Jerry Hairston,2000,hitter,UTIL,600,-9.14,0.0,-0.91,1500000
duffer01,Ernest Duff,1927,hitter,UTIL,600,-9.22,0.0,-0.92,1500000
mccurha01,Harry McCurdy,1927,hitter,UTIL,600,-9.34,0.0,-0.93,1500000
hayesja02,Jackie Hayes,1927,hitter,UTIL,600,-9.42,0.0,-0.94,1500000
picinva01,Val Picinich,1927,hitter,UTIL,600,-9.38,0.0,-0.94,1500000
dayco01,Connie Day,1927,hitter,UTIL,600,-9.5,0.0,-0.95,1500000
lloydpo99,John Henry Lloyd,1927,hitter,UTIL,600,-9.64,0.0,-0.96,1500000
rigneto01,Topper Rigney,1927,hitter,UTIL,600,-9.61,0.0,-0.96,1500000
summaho01,Homer Summa,1927,hitter,UTIL,600,-9.63,0.0,-0.96,1500000
everecl01,Clarence Everett,1927,hitter,UTIL,600,-9.73,0.0,-0.97,1500000
orourfr01,Frank O'Rourke,1927,hitter,UTIL,600,-9.7,0.0,-0.97,1500000
anderga01,Garret Anderson,2000,hitter,UTIL,600,-9.71,0.0,-0.97,1500000
marriwi01,William Marriott,1927,hitter,UTIL,600,-9.91,0.0,-0.99,1500000
ottme01,Mel Ott,1927,hitter,UTIL,600,-9.94,0.0,-0.99,1500000
stewast01,Stuffy Stewart,1927,hitter,UTIL,600,-9.88,0.0,-0.99,1500000
dressch01,Chuck Dressen,1927,hitter,UTIL,600,-10.04,0.0,-1.0,1500000
hamptep01,Eppie Hampton,1927,hitter,UTIL,600,-10.01,0.0,-1.0,1500000
dewitfr01,Fred Dewitt,1927,hitter,UTIL,600,-10.06,0.0,-1.01,1500000
galloch01,Chick Galloway,1927,hitter,UTIL,600,-10.19,0.0,-1.02,1500000
evansbi03,Bill Evans,1927,hitter,UTIL,600,-10.27,0.0,-1.03,1500000
smithja03,Jack Smith,1927,hitter,UTIL,600,-10.31,0.0,-1.03,1500000
willski01,Kid Willson,1927,hitter,UTIL,600,-10.27,0.0,-1.03,1500000
hofmafr01,Fred Hofmann,1927,hitter,UTIL,600,-10.37,0.0,-1.04,1500000
traynpi01,Pie Traynor,1927,hitter,UTIL,600,-10.42,0.0,-1.04,1500000
youngto01,Tom Young,1927,hitter,UTIL,600,-10.36,0.0,-1.04,1500000
anderma02,Marlon Anderson,2000,hitter,UTIL,600,-10.36,0.0,-1.04,1500000
girarjo01,Joe Girardi,2000,hitter,UTIL,600,-10.36,0.0,-1.04,1500000
alexach01,Chuffie Alexander,1927,hitter,UTIL,600,-10.53,0.0,-1.05,1500000
lamarbi01,Bill Lamar,1927,hitter,UTIL,600,-10.51,0.0,-1.05,1500000
ruelmu01,Muddy Ruel,1927,hitter,UTIL,600,-10.6,0.0,-1.06,1500000
blanche01,Henry Blanco,2000,hitter,UTIL,600,-10.6,0.0,-1.06,1500000
brosisc01,Scott Brosius,2000,hitter,UTIL,600,-10.65,0.0,-1.06,1500000
caldebe01,Benito Calderón,1927,hitter,UTIL,600,-10.74,0.0,-1.07,1500000
jonnabu01,Bubber Jonnard,1927,hitter,UTIL,600,-10.87,0.0,-1.09,1500000
partrja01,Jay Partridge,1927,hitter,UTIL,600,-10.91,0.0,-1.09,1500000
wiltsha01,Hal Wiltse,1927,pitcher,SP,750,0.0,-11.06,-1.11,1500000
comorad01,Adam Comorosky,1927,hitter,UTIL,600,-11.21,0.0,-1.12,1500000
jonesru02,Ruben Jones,1927,hitter,UTIL,600,-11.17,0.0,-1.12,1500000
orsater01,Ernie Orsatti,1927,hitter,UTIL,600,-11.25,0.0,-1.12,1500000
canizja01,Jay Canizaro,2000,hitter,UTIL,600,-11.23,0.0,-1.12,1500000
lewisjo02,Joe Lewis,1927,hitter,UTIL,600,-11.26,0.0,-1.13,1500000
sickied01,Ed Sicking,1927,hitter,UTIL,600,-11.35,0.0,-1.13,1500000
dixonra01,Rap Dixon,1927,hitter,UTIL,600,-11.36,0.0,-1.14,1500000
theveto01,Tommy Thevenow,1927,hitter,UTIL,600,-11.36,0.0,-1.14,1500000
mcnulpa01,Pat McNulty,1927,hitter,UTIL,600,-11.73,0.0,-1.17,1500000
riceha01,Harry Rice,1927,hitter,UTIL,600,-11.85,0.0,-1.18,1500000
atkinle01,Lefty Atkinson,1927,hitter,UTIL,600,-11.87,0.0,-1.19,1500000
gilesge01,George Giles,1927,hitter,UTIL,600,-11.93,0.0,-1.19,1500000
flahejo01,John Flaherty,2000,hitter,UTIL,600,-11.95,0.0,-1.19,1500000
eggerel01,Mose Eggert,1927,hitter,UTIL,600,-11.96,0.0,-1.2,1500000
fernajo05,José María Fernández,1927,hitter,UTIL,600,-12.1,0.0,-1.21,1500000
briggot01,Otto Briggs,1927,hitter,UTIL,600,-12.31,0.0,-1.23,1500000
baldwhe01,Henry Baldwin,1927,hitter,UTIL,600,-12.54,0.0,-1.25,1500000
gatewer01,Ernest Gatewood,1927,hitter,UTIL,600,-12.57,0.0,-1.26,1500000
grabojo01,Johnny Grabowski,1927,hitter,UTIL,600,-12.64,0.0,-1.26,1500000
stephja02,Jake Stephens,1927,hitter,UTIL,600,-12.62,0.0,-1.26,1500000
gamizma01,Márgaro Gámiz,1927,hitter,UTIL,600,-12.71,0.0,-1.27,1500000
hudspro01,Robert Hudspeth,1927,hitter,UTIL,600,-12.74,0.0,-1.27,1500000
boleyjo01,Joe Boley,1927,hitter,UTIL,600,-12.83,0.0,-1.28,1500000
wheatza01,Zack Wheat,1927,hitter,UTIL,600,-12.77,0.0,-1.28,1500000
seweljo01,Joe Sewell,1927,hitter,UTIL,600,-12.91,0.0,-1.29,1500000
tobinja01,Jack Tobin,1927,hitter,UTIL,600,-12.86,0.0,-1.29,1500000
baynawi01,William Baynard,1927,hitter,UTIL,600,-13.03,0.0,-1.3,1500000
hamilda02,Darryl Hamilton,2000,hitter,UTIL,600,-12.97,0.0,-1.3,1500000
pooleji01,Jim Poole,1927,hitter,UTIL,600,-13.28,0.0,-1.33,1500000
burnete01,Tex Burnett,1927,hitter,UTIL,600,-13.4,0.0,-1.34,1500000
sturdgu01,Guy Sturdy,1927,hitter,UTIL,600,-13.43,0.0,-1.34,1500000
deshide01,Delino DeShields,2000,hitter,UTIL,600,-13.42,0.0,-1.34,1500000
zitzmbi01,Billy Zitzmann,1927,hitter,UTIL,600,-13.53,0.0,-1.35,1500000
reesera01,Andy Reese,1927,hitter,UTIL,600,-13.58,0.0,-1.36,1500000
smith12,Smith,1927,hitter,UTIL,600,-13.75,0.0,-1.37,1500000
mokanjo01,Johnny Mokan,1927,hitter,UTIL,600,-13.87,0.0,-1.39,1500000
willife01,Fendall Williams,1927,hitter,UTIL,600,-13.92,0.0,-1.39,1500000
oneilmi02,Mickey O'Neil,1927,hitter,UTIL,600,-14.06,0.0,-1.41,1500000
brognri01,Rico Brogna,2000,hitter,UTIL,600,-14.05,0.0,-1.41,1500000
autrych02,Martin Autry,1927,hitter,UTIL,600,-14.34,0.0,-1.43,1500000
lutzkru01,Rube Lutzke,1927,hitter,UTIL,600,-14.29,0.0,-1.43,1500000
graffto01,Tony Graffanino,2000,hitter,UTIL,600,-14.38,0.0,-1.44,1500000
watted02,Eddie Watt,1927,hitter,UTIL,600,-14.53,0.0,-1.45,1500000
browned02,Eddie Brown,1927,hitter,UTIL,600,-15.14,0.0,-1.51,1500000
robinbo01,Bobby Robinson,1927,hitter,UTIL,600,-15.19,0.0,-1.52,1500000
flaskro01,Ray Flaskamper,1927,hitter,UTIL,600,-15.31,0.0,-1.53,1500000
cordoma01,Marty Cordova,2000,hitter,UTIL,600,-15.28,0.0,-1.53,1500000
burrudi01,Dick Burrus,1927,hitter,UTIL,600,-15.61,0.0,-1.56,1500000
nixonal01,Al Nixon,1927,hitter,UTIL,600,-15.55,0.0,-1.56,1500000
cummimi01,Midre Cummings,2000,hitter,UTIL,600,-15.61,0.0,-1.56,1500000
thompfr03,Fresco Thompson,1927,hitter,UTIL,600,-15.85,0.0,-1.58,1500000
butlejo02,Johnny Butler,1927,hitter,UTIL,600,-15.93,0.0,-1.59,1500000
mooreed01,Eddie Moore,1927,hitter,UTIL,600,-15.92,0.0,-1.59,1500000
frencwa01,Walt French,1927,hitter,UTIL,600,-16.31,0.0,-1.63,1500000
gilkebe01,Bernard Gilkey,2000,hitter,UTIL,600,-16.37,0.0,-1.64,1500000
russeja01,Jack Russell,1927,pitcher,SP,650,0.0,-16.84,-1.68,1500000
brownla02,Larry Brown,1927,hitter,UTIL,600,-16.91,0.0,-1.69,1500000
odenjo01,Johnnie Oden,1927,hitter,UTIL,600,-16.97,0.0,-1.7,1500000
warfifr01,Frank Warfield,1927,hitter,UTIL,600,-16.98,0.0,-1.7,1500000
dehaako01,Kory DeHaan,2000,hitter,UTIL,600,-17.2,0.0,-1.72,1500000
deitrbi01,Bill Deitrick,1927,hitter,UTIL,600,-17.26,0.0,-1.73,1500000
brownsc02,Scrappy Brown,1927,hitter,UTIL,600,-17.47,0.0,-1.75,1500000
felixgu01,Gus Felix,1927,hitter,UTIL,600,-17.6,0.0,-1.76,1500000
grebecr01,Craig Grebeck,2000,hitter,UTIL,600,-17.69,0.0,-1.77,1500000
oranggr01,Grady Orange,1927,hitter,UTIL,600,-17.77,0.0,-1.78,1500000
gautrdo01,Doc Gautreau,1927,hitter,UTIL,600,-17.86,0.0,-1.79,1500000
pedrora01,Rafael Pedroso,1927,hitter,UTIL,600,-17.91,0.0,-1.79,1500000
reevebo01,Bobby Reeves,1927,hitter,UTIL,600,-17.87,0.0,-1.79,1500000
clancbu01,Bud Clancy,1927,hitter,UTIL,600,-17.95,0.0,-1.8,1500000
fulleji02,Jimmy Fuller,1927,hitter,UTIL,600,-18.1,0.0,-1.81,1500000
millea01,A. Miller,1927,hitter,UTIL,600,-18.53,0.0,-1.85,1500000
beltrca01,Carlos Beltran,2000,hitter,UTIL,600,-18.5,0.0,-1.85,1500000
counscr01,Craig Counsell,2000,hitter,UTIL,600,-18.7,0.0,-1.87,1500000
warneja01,Jack Warner,1927,hitter,UTIL,600,-19.01,0.0,-1.9,1500000
grudzma01,Mark Grudzielanek,2000,hitter,UTIL,600,-19.22,0.0,-1.92,1500000
bergepe01,Peter Bergeron,2000,hitter,UTIL,600,-20.33,0.0,-2.03,1500000
melilsk01,Oscar Melillo,1927,hitter,UTIL,600,-20.71,0.0,-2.07,1500000
hargrbu01,Bubbles Hargrave,1927,hitter,UTIL,600,-21.11,0.0,-2.11,1500000
weslech01,Charles Wesley,1927,hitter,UTIL,600,-21.26,0.0,-2.13,1500000
bellicl01,Clay Bellinger,2000,hitter,UTIL,600,-21.4,0.0,-2.14,1500000
gibsofr01,Frank Gibson,1927,hitter,UTIL,600,-21.62,0.0,-2.16,1500000
battlji01,Jim Battle,1927,hitter,UTIL,600,-23.71,0.0,-2.37,1500000
tayloza02,Zack Taylor,1927,hitter,UTIL,600,-24.23,0.0,-2.42,1500000
gerbewa01,Wally Gerber,1927,hitter,UTIL,600,-31.51,0.0,-3.15,1500000
