batter_pool,batter_name,batter_id,batter_season,pitcher_pool,pitcher_name,pitcher_id,pitcher_season,n_pa,k_pct,bb_pct,hr_pct,avg,obp,slg,babip,matchup_seed,k_flag,bb_flag,hr_flag,babip_flag,avg_flag,any_flag
Deadball,Honus Wagner,wagneho01,1900,Control,Bill Burns,burnsbi01,1908,10000,0.1301,0.0441,0.036,0.365,0.4,0.588,0.397,3882130271,False,False,False,True,False,True
Deadball,Honus Wagner,wagneho01,1900,Wild-Flames,Bob Harmon,harmobo01,1911,10000,0.1259,0.1004,0.0303,0.359,0.431,0.575,0.395,1497509751,False,False,False,True,False,True
Deadball,Honus Wagner,wagneho01,1900,Wild-Flames,Elmer Myers,myersel01,1916,10000,0.1588,0.1062,0.0297,0.331,0.41,0.532,0.379,4215505268,False,False,False,True,False,True
Deadball,Honus Wagner,wagneho01,1900,Control,Babe Adams,adamsba01,1920,10000,0.163,0.0331,0.0308,0.332,0.36,0.527,0.376,3680066856,False,False,False,True,False,True
Deadball,Honus Wagner,wagneho01,1900,Control,Red Lucas,lucasre01,1933,10000,0.0938,0.0356,0.039,0.381,0.41,0.622,0.395,1640571936,False,False,False,True,False,True
Deadball,Honus Wagner,wagneho01,1900,Wild-Flames,Sam Jones,jonessa02,1955,10000,0.1802,0.1111,0.0247,0.31,0.396,0.481,0.368,4151027212,False,False,False,True,False,True
Deadball,Honus Wagner,wagneho01,1900,Control,Dennis Eckersley,eckerde01,1985,10000,0.1522,0.0396,0.0329,0.336,0.369,0.539,0.375,1273323622,False,False,False,True,False,True
Deadball,Honus Wagner,wagneho01,1900,Control,Bret Saberhagen,saberbr01,1994,10000,0.1638,0.032,0.033,0.328,0.355,0.527,0.37,4234948887,False,False,False,True,False,True
Deadball,Honus Wagner,wagneho01,1900,Control,Jon Lieber,liebejo01,2004,10000,0.1154,0.0378,0.0386,0.37,0.399,0.606,0.393,44341100,False,False,False,True,False,True
Deadball,Honus Wagner,wagneho01,1900,Control,Carlos Silva,silvaca01,2005,10000,0.0959,0.033,0.0445,0.393,0.42,0.659,0.406,4132818496,False,False,False,True,False,True
Deadball,Honus Wagner,wagneho01,1900,Control,Cliff Lee,leecl02,2010,10000,0.1482,0.0378,0.0305,0.342,0.372,0.543,0.381,1790317614,False,False,False,True,False,True
Deadball,Honus Wagner,wagneho01,1900,Control,Phil Hughes,hugheph01,2014,10000,0.1442,0.0342,0.0327,0.348,0.378,0.557,0.385,3360840879,False,False,False,True,False,True
Deadball,Honus Wagner,wagneho01,1900,Control,George Kirby,kirbyge01,2023,10000,0.1316,0.0401,0.0331,0.359,0.392,0.571,0.392,3057617694,False,False,False,True,False,True
Deadball,Nap Lajoie,lajoina01,1901,K-Kings,Rube Waddell,wadderu01,1904,10000,0.165,0.0652,0.0536,0.336,0.387,0.596,0.365,2629073327,False,False,False,True,False,True
Deadball,Nap Lajoie,lajoina01,1901,Control,Bill Burns,burnsbi01,1908,10000,0.0867,0.03,0.0742,0.409,0.433,0.757,0.399,4243562944,False,False,False,True,False,True
Deadball,Nap Lajoie,lajoina01,1901,Wild-Flames,Bob Harmon,harmobo01,1911,10000,0.0989,0.0803,0.0648,0.394,0.45,0.718,0.394,3828696063,False,False,False,True,False,True
Deadball,Nap Lajoie,lajoina01,1901,Wild-Flames,Weldon Wyckoff,wyckowe01,1915,10000,0.13,0.0886,0.0663,0.358,0.422,0.676,0.364,1449637688,False,False,False,True,False,True
Deadball,Nap Lajoie,lajoina01,1901,Wild-Flames,Elmer Myers,myersel01,1916,10000,0.127,0.086,0.0641,0.38,0.442,0.703,0.392,622501087,False,False,False,True,False,True
Deadball,Nap Lajoie,lajoina01,1901,Control,Babe Adams,adamsba01,1920,10000,0.1292,0.0157,0.0689,0.384,0.401,0.706,0.393,243059654,False,False,False,True,False,True
Deadball,Nap Lajoie,lajoina01,1901,Control,Harry Salmon,salmoha01,1929,10000,0.1723,0.018,0.0587,0.337,0.355,0.597,0.362,1396762989,False,False,False,True,False,True
Deadball,Nap Lajoie,lajoina01,1901,Wild-Flames,Bump Hadley,hadlebu01,1932,10000,0.1565,0.0958,0.0529,0.351,0.423,0.62,0.382,3736094083,False,False,False,True,False,True
Deadball,Nap Lajoie,lajoina01,1901,Control,Red Lucas,lucasre01,1933,10000,0.0544,0.0154,0.0782,0.436,0.45,0.798,0.412,2996249837,False,False,False,True,True,True
Deadball,Nap Lajoie,lajoina01,1901,Wild-Flames,Bobo Newsom,newsobo01,1938,10000,0.1536,0.0791,0.0541,0.34,0.4,0.608,0.363,2479483780,False,False,False,True,False,True
Deadball,Nap Lajoie,lajoina01,1901,Wild-Flames,Tommy Byrne,byrneto01,1949,10000,0.1369,0.0879,0.0619,0.358,0.424,0.657,0.371,1210068266,False,False,False,True,False,True
Deadball,Nap Lajoie,lajoina01,1901,Wild-Flames,Sam Jones,jonessa02,1955,10000,0.1432,0.09,0.0625,0.36,0.426,0.665,0.377,572133211,False,False,False,True,False,True
Deadball,Nap Lajoie,lajoina01,1901,K-Kings,Sandy Koufax,koufasa01,1965,10000,0.1533,0.0478,0.0638,0.356,0.393,0.653,0.375,1224341947,False,False,False,True,False,True
Deadball,Nap Lajoie,lajoina01,1901,Control,Dennis Eckersley,eckerde01,1985,10000,0.1193,0.0171,0.0764,0.396,0.412,0.739,0.397,2562265,False,False,False,True,False,True
Deadball,Nap Lajoie,lajoina01,1901,Control,Bret Saberhagen,saberbr01,1994,10000,0.1319,0.0158,0.0687,0.369,0.384,0.676,0.375,1380625692,False,False,False,True,False,True
Deadball,Nap Lajoie,lajoina01,1901,K-Kings,Curt Schilling,schilcu01,1997,10000,0.1509,0.0437,0.0637,0.356,0.391,0.645,0.374,896880977,False,False,False,True,False,True
Deadball,Nap Lajoie,lajoina01,1901,Control,Jon Lieber,liebejo01,2004,10000,0.0833,0.0169,0.078,0.426,0.441,0.785,0.415,1031245459,False,False,False,True,True,True
Deadball,Nap Lajoie,lajoina01,1901,Control,Carlos Silva,silvaca01,2005,10000,0.0463,0.0156,0.0785,0.435,0.448,0.801,0.406,2474508365,False,False,False,True,True,True
Deadball,Nap Lajoie,lajoina01,1901,Control,Cliff Lee,leecl02,2010,10000,0.1193,0.0144,0.0701,0.384,0.4,0.709,0.388,3280716132,False,False,False,True,False,True
Deadball,Nap Lajoie,lajoina01,1901,Control,Phil Hughes,hugheph01,2014,10000,0.1155,0.0152,0.075,0.391,0.406,0.731,0.391,3527163296,False,False,False,True,False,True
Deadball,Nap Lajoie,lajoina01,1901,K-Kings,Gerrit Cole,colege01,2019,10000,0.1448,0.0509,0.0619,0.366,0.405,0.661,0.385,3291921469,False,False,False,True,False,True
Deadball,Nap Lajoie,lajoina01,1901,Control,George Kirby,kirbyge01,2023,10000,0.1083,0.0151,0.0753,0.407,0.422,0.754,0.406,3362166678,False,False,False,True,False,True
Deadball,Jesse Burkett,burkeje01,1901,K-Kings,Walter Johnson,johnswa01,1910,10000,0.2404,0.0852,0.0111,0.18,0.258,0.244,0.233,2261083159,False,False,False,True,False,True
Deadball,Jesse Burkett,burkeje01,1901,K-Kings,Pedro Martinez,martipe02,1999,10000,0.2453,0.0641,0.0114,0.176,0.237,0.243,0.226,1079201158,False,False,False,True,False,True
Deadball,Jesse Burkett,burkeje01,1901,Control,Carlos Silva,silvaca01,2005,10000,0.1573,0.0494,0.0264,0.322,0.362,0.485,0.365,1332568384,False,False,False,True,False,True
Deadball,Ed Delahanty,delahed01,1902,Control,Bill Burns,burnsbi01,1908,10000,0.0961,0.0732,0.0567,0.394,0.445,0.692,0.399,985481443,False,False,False,True,False,True
Deadball,Ed Delahanty,delahed01,1902,Wild-Flames,Bob Harmon,harmobo01,1911,10000,0.0999,0.126,0.0562,0.397,0.479,0.715,0.405,4117119388,False,False,False,True,False,True
Deadball,Ed Delahanty,delahed01,1902,Wild-Flames,Elmer Myers,myersel01,1916,10000,0.137,0.1283,0.0454,0.359,0.448,0.62,0.388,3391469124,False,False,False,True,False,True
Deadball,Ed Delahanty,delahed01,1902,Control,Babe Adams,adamsba01,1920,10000,0.1324,0.0558,0.0512,0.371,0.413,0.644,0.393,502216059,False,False,False,True,False,True
Deadball,Ed Delahanty,delahed01,1902,Wild-Flames,Bump Hadley,hadlebu01,1932,10000,0.1599,0.1378,0.0373,0.328,0.429,0.544,0.369,3466862900,False,False,False,True,False,True
Deadball,Ed Delahanty,delahed01,1902,Control,Red Lucas,lucasre01,1933,10000,0.0621,0.0593,0.0624,0.421,0.461,0.742,0.409,3861012586,False,False,False,True,True,True
Deadball,Ed Delahanty,delahed01,1902,Wild-Flames,Bobo Newsom,newsobo01,1938,10000,0.1612,0.121,0.0377,0.323,0.413,0.536,0.362,770711776,False,False,False,True,False,True
Deadball,Ed Delahanty,delahed01,1902,Wild-Flames,Tommy Byrne,byrneto01,1949,10000,0.1425,0.1376,0.0442,0.338,0.438,0.585,0.366,3177015157,False,False,False,True,False,True
Deadball,Ed Delahanty,delahed01,1902,Wild-Flames,Sam Jones,jonessa02,1955,10000,0.1521,0.1222,0.0418,0.331,0.421,0.562,0.365,261757064,False,False,False,True,False,True
Deadball,Ed Delahanty,delahed01,1902,Control,Dennis Eckersley,eckerde01,1985,10000,0.1388,0.0636,0.0507,0.36,0.408,0.628,0.384,2194982162,False,False,False,True,False,True
Deadball,Ed Delahanty,delahed01,1902,Control,Bret Saberhagen,saberbr01,1994,10000,0.1363,0.0605,0.0553,0.356,0.4,0.634,0.373,1277687345,False,False,False,True,False,True
Deadball,Ed Delahanty,delahed01,1902,Control,Jon Lieber,liebejo01,2004,10000,0.0892,0.0604,0.0573,0.399,0.443,0.704,0.401,3458355460,False,False,False,True,False,True
Deadball,Ed Delahanty,delahed01,1902,Control,Carlos Silva,silvaca01,2005,10000,0.0578,0.0644,0.0648,0.419,0.463,0.751,0.403,1627659123,False,False,False,True,True,True
Deadball,Ed Delahanty,delahed01,1902,Control,Cliff Lee,leecl02,2010,10000,0.1295,0.0605,0.0536,0.362,0.407,0.639,0.38,2211037013,False,False,False,True,False,True
Deadball,Ed Delahanty,delahed01,1902,Control,Phil Hughes,hugheph01,2014,10000,0.1143,0.0628,0.0533,0.372,0.417,0.65,0.384,1908580157,False,False,False,True,False,True
Deadball,Ed Delahanty,delahed01,1902,K-Kings,Gerrit Cole,colege01,2019,10000,0.1509,0.0898,0.0444,0.336,0.402,0.57,0.366,654491285,False,False,False,True,False,True
Deadball,Ed Delahanty,delahed01,1902,Control,George Kirby,kirbyge01,2023,10000,0.1124,0.0613,0.0587,0.38,0.424,0.676,0.389,2324342246,False,False,False,True,False,True
Deadball,Cy Seymour,seymocy01,1905,Control,Bill Burns,burnsbi01,1908,10000,0.1114,0.0572,0.0401,0.372,0.415,0.615,0.393,3549021879,False,False,False,True,False,True
Deadball,Cy Seymour,seymocy01,1905,Wild-Flames,Bob Harmon,harmobo01,1911,10000,0.117,0.1112,0.0424,0.367,0.445,0.623,0.39,2807735430,False,False,False,True,False,True
Deadball,Cy Seymour,seymocy01,1905,Wild-Flames,Elmer Myers,myersel01,1916,10000,0.1465,0.1131,0.0325,0.342,0.425,0.553,0.383,2785490890,False,False,False,True,False,True
Deadball,Cy Seymour,seymocy01,1905,Control,Babe Adams,adamsba01,1920,10000,0.1407,0.0461,0.0376,0.355,0.392,0.581,0.388,1167793205,False,False,False,True,False,True
Deadball,Cy Seymour,seymocy01,1905,Control,Red Lucas,lucasre01,1933,10000,0.0882,0.0467,0.0482,0.392,0.425,0.669,0.398,1323789969,False,False,False,True,False,True
Deadball,Cy Seymour,seymocy01,1905,Wild-Flames,Tommy Byrne,byrneto01,1949,10000,0.1584,0.1226,0.0318,0.321,0.413,0.521,0.365,2674266075,False,False,False,True,False,True
Deadball,Cy Seymour,seymocy01,1905,Wild-Flames,Sam Jones,jonessa02,1955,10000,0.1681,0.1145,0.0335,0.32,0.407,0.527,0.367,2596634614,False,False,False,True,False,True
Deadball,Cy Seymour,seymocy01,1905,Control,Dennis Eckersley,eckerde01,1985,10000,0.1386,0.046,0.0386,0.355,0.391,0.579,0.387,2941241687,False,False,False,True,False,True
Deadball,Cy Seymour,seymocy01,1905,Control,Bret Saberhagen,saberbr01,1994,10000,0.1482,0.0462,0.0376,0.334,0.371,0.543,0.366,2068802920,False,False,False,True,False,True
Deadball,Cy Seymour,seymocy01,1905,Control,Jon Lieber,liebejo01,2004,10000,0.1087,0.0445,0.0489,0.384,0.418,0.658,0.399,1222716372,False,False,False,True,False,True
Deadball,Cy Seymour,seymocy01,1905,Control,Carlos Silva,silvaca01,2005,10000,0.0742,0.046,0.0487,0.397,0.43,0.671,0.397,3981188461,False,False,False,True,False,True
Deadball,Cy Seymour,seymocy01,1905,Control,Cliff Lee,leecl02,2010,10000,0.1362,0.0453,0.0377,0.358,0.394,0.581,0.39,1143757416,False,False,False,True,False,True
Deadball,Cy Seymour,seymocy01,1905,Control,Phil Hughes,hugheph01,2014,10000,0.1333,0.0411,0.0403,0.36,0.392,0.591,0.388,909417103,False,False,False,True,False,True
Deadball,Cy Seymour,seymocy01,1905,K-Kings,Gerrit Cole,colege01,2019,10000,0.1742,0.0749,0.0287,0.32,0.379,0.506,0.372,2407993809,False,False,False,True,False,True
Deadball,Cy Seymour,seymocy01,1905,Control,George Kirby,kirbyge01,2023,10000,0.1236,0.0434,0.0466,0.363,0.399,0.622,0.383,956390830,False,False,False,True,False,True
Deadball,Ty Cobb,cobbty01,1911,Control,Bill Burns,burnsbi01,1908,10000,0.1366,0.0386,0.0497,0.374,0.406,0.643,0.4,1679220293,False,False,False,True,False,True
Deadball,Ty Cobb,cobbty01,1911,Wild-Flames,Bob Harmon,harmobo01,1911,10000,0.1435,0.0878,0.0439,0.372,0.436,0.635,0.409,3885876714,False,False,False,True,False,True
Deadball,Ty Cobb,cobbty01,1911,Wild-Flames,Elmer Myers,myersel01,1916,10000,0.1633,0.096,0.0394,0.337,0.408,0.565,0.379,3934540837,False,False,False,True,False,True
Deadball,Ty Cobb,cobbty01,1911,Control,Babe Adams,adamsba01,1920,10000,0.1601,0.0256,0.049,0.349,0.372,0.601,0.381,616374219,False,False,False,True,False,True
Deadball,Ty Cobb,cobbty01,1911,Control,Red Lucas,lucasre01,1933,10000,0.1046,0.0284,0.0539,0.396,0.42,0.686,0.407,3790531427,False,False,False,True,False,True
Deadball,Ty Cobb,cobbty01,1911,Wild-Flames,Bobo Newsom,newsobo01,1938,10000,0.1958,0.0926,0.0321,0.313,0.385,0.51,0.372,3981255897,False,False,False,True,False,True
Deadball,Ty Cobb,cobbty01,1911,Wild-Flames,Sam Jones,jonessa02,1955,10000,0.1794,0.1032,0.038,0.32,0.398,0.539,0.367,1337828059,False,False,False,True,False,True
Deadball,Ty Cobb,cobbty01,1911,K-Kings,Sandy Koufax,koufasa01,1965,10000,0.1867,0.0579,0.0365,0.324,0.37,0.532,0.374,416068662,False,False,False,True,False,True
Deadball,Ty Cobb,cobbty01,1911,Control,Dennis Eckersley,eckerde01,1985,10000,0.1655,0.0246,0.045,0.352,0.376,0.595,0.391,3359517887,False,False,False,True,False,True
Deadball,Ty Cobb,cobbty01,1911,Control,Bret Saberhagen,saberbr01,1994,10000,0.1593,0.0265,0.0399,0.344,0.368,0.569,0.382,3084099727,False,False,False,True,False,True
Deadball,Ty Cobb,cobbty01,1911,K-Kings,Curt Schilling,schilcu01,1997,10000,0.1911,0.0541,0.0361,0.316,0.358,0.517,0.366,1427761039,False,False,False,True,False,True
Deadball,Ty Cobb,cobbty01,1911,Control,Jon Lieber,liebejo01,2004,10000,0.122,0.0279,0.0491,0.386,0.408,0.66,0.407,1068747023,False,False,False,True,False,True
Deadball,Ty Cobb,cobbty01,1911,Control,Carlos Silva,silvaca01,2005,10000,0.105,0.0252,0.0547,0.396,0.418,0.684,0.407,787784058,False,False,False,True,False,True
Deadball,Ty Cobb,cobbty01,1911,Control,Cliff Lee,leecl02,2010,10000,0.1698,0.0255,0.0467,0.346,0.369,0.586,0.384,399625800,False,False,False,True,False,True
Deadball,Ty Cobb,cobbty01,1911,Control,Phil Hughes,hugheph01,2014,10000,0.1549,0.026,0.0464,0.359,0.381,0.607,0.392,2332765832,False,False,False,True,False,True
Deadball,Ty Cobb,cobbty01,1911,K-Kings,Gerrit Cole,colege01,2019,10000,0.1894,0.0559,0.0384,0.332,0.377,0.546,0.385,2262323043,False,False,False,True,False,True
Deadball,Ty Cobb,cobbty01,1911,Control,George Kirby,kirbyge01,2023,10000,0.1445,0.0258,0.0522,0.374,0.396,0.647,0.402,1558791053,False,False,False,True,False,True
Deadball,Shoeless Joe Jackson,jacksjo01,1911,Control,Bill Burns,burnsbi01,1908,10000,0.137,0.0518,0.0396,0.36,0.4,0.593,0.391,3893993203,False,False,False,True,False,True
Deadball,Shoeless Joe Jackson,jacksjo01,1911,Wild-Flames,Bob Harmon,harmobo01,1911,10000,0.1438,0.1036,0.0359,0.353,0.427,0.574,0.392,1892159004,False,False,False,True,False,True
Deadball,Shoeless Joe Jackson,jacksjo01,1911,Wild-Flames,Elmer Myers,myersel01,1916,10000,0.161,0.1128,0.0319,0.332,0.415,0.538,0.379,4266630026,False,False,False,True,False,True
Deadball,Shoeless Joe Jackson,jacksjo01,1911,Control,Babe Adams,adamsba01,1920,10000,0.1647,0.0349,0.0358,0.331,0.362,0.537,0.372,4034673786,False,False,False,True,False,True
Deadball,Shoeless Joe Jackson,jacksjo01,1911,Wild-Flames,Bump Hadley,hadlebu01,1932,10000,0.1987,0.1098,0.0267,0.299,0.385,0.468,0.361,2974461619,False,False,False,True,False,True
Deadball,Shoeless Joe Jackson,jacksjo01,1911,Control,Red Lucas,lucasre01,1933,10000,0.1044,0.0356,0.0441,0.381,0.41,0.631,0.397,2335070660,False,False,False,True,False,True
Deadball,Shoeless Joe Jackson,jacksjo01,1911,Control,Dennis Eckersley,eckerde01,1985,10000,0.1675,0.0374,0.0356,0.335,0.366,0.54,0.378,1665833211,False,False,False,True,False,True
Deadball,Shoeless Joe Jackson,jacksjo01,1911,Control,Bret Saberhagen,saberbr01,1994,10000,0.1704,0.037,0.0346,0.328,0.36,0.525,0.372,699724791,False,False,False,True,False,True
Deadball,Shoeless Joe Jackson,jacksjo01,1911,Control,Jon Lieber,liebejo01,2004,10000,0.1279,0.0374,0.0411,0.366,0.396,0.611,0.393,4022658782,False,False,False,True,False,True
Deadball,Shoeless Joe Jackson,jacksjo01,1911,Control,Carlos Silva,silvaca01,2005,10000,0.101,0.0377,0.0458,0.386,0.416,0.651,0.4,3337924465,False,False,False,True,False,True
Deadball,Shoeless Joe Jackson,jacksjo01,1911,Control,Cliff Lee,leecl02,2010,10000,0.1635,0.0402,0.0353,0.329,0.363,0.536,0.369,3205236709,False,False,False,True,False,True
Deadball,Shoeless Joe Jackson,jacksjo01,1911,Control,Phil Hughes,hugheph01,2014,10000,0.1533,0.0367,0.0392,0.352,0.383,0.578,0.39,2020591318,False,False,False,True,False,True
Deadball,Shoeless Joe Jackson,jacksjo01,1911,Control,George Kirby,kirbyge01,2023,10000,0.1497,0.0404,0.0358,0.35,0.383,0.565,0.388,2127808743,False,False,False,True,False,True
Deadball,Sam Crawford,crawfsa01,1911,Control,Red Lucas,lucasre01,1933,10000,0.1009,0.0429,0.0354,0.362,0.396,0.577,0.379,636519465,False,False,False,True,False,True
Deadball,Sam Crawford,crawfsa01,1911,Control,Jon Lieber,liebejo01,2004,10000,0.1322,0.0383,0.0245,0.328,0.36,0.495,0.361,2435991816,False,False,False,True,False,True
Deadball,Sam Crawford,crawfsa01,1911,Control,Carlos Silva,silvaca01,2005,10000,0.0995,0.0401,0.0303,0.356,0.388,0.555,0.375,626848525,False,False,False,True,False,True
Deadball,Tris Speaker,speaktr01,1912,Control,Bill Burns,burnsbi01,1908,10000,0.126,0.0596,0.0408,0.354,0.398,0.585,0.377,335396005,False,False,False,True,False,True
Deadball,Tris Speaker,speaktr01,1912,Wild-Flames,Bob Harmon,harmobo01,1911,10000,0.133,0.1178,0.0351,0.347,0.432,0.576,0.38,3735922116,False,False,False,True,False,True
Deadball,Tris Speaker,speaktr01,1912,Wild-Flames,Elmer Myers,myersel01,1916,10000,0.1693,0.1155,0.0284,0.324,0.41,0.51,0.376,2361381358,False,False,False,True,False,True
Deadball,Tris Speaker,speaktr01,1912,Control,Babe Adams,adamsba01,1920,10000,0.1553,0.0495,0.0365,0.328,0.368,0.535,0.364,1028158485,False,False,False,True,False,True
Deadball,Tris Speaker,speaktr01,1912,Control,Red Lucas,lucasre01,1933,10000,0.0984,0.0518,0.0509,0.39,0.428,0.665,0.399,652961768,False,False,False,True,False,True
Deadball,Tris Speaker,speaktr01,1912,Wild-Flames,Sam Jones,jonessa02,1955,10000,0.1805,0.1256,0.028,0.31,0.405,0.486,0.366,1176319353,False,False,False,True,False,True
Deadball,Tris Speaker,speaktr01,1912,Control,Jon Lieber,liebejo01,2004,10000,0.1237,0.0517,0.0476,0.369,0.408,0.632,0.389,2614679122,False,False,False,True,False,True
Deadball,Tris Speaker,speaktr01,1912,Control,Carlos Silva,silvaca01,2005,10000,0.0991,0.0525,0.049,0.394,0.432,0.667,0.406,3430868119,False,False,False,True,False,True
Deadball,Tris Speaker,speaktr01,1912,Control,Cliff Lee,leecl02,2010,10000,0.1495,0.0555,0.0391,0.336,0.379,0.552,0.369,2706407317,False,False,False,True,False,True
Deadball,Tris Speaker,speaktr01,1912,Control,Phil Hughes,hugheph01,2014,10000,0.1494,0.053,0.0386,0.342,0.384,0.56,0.377,2699600488,False,False,False,True,False,True
Deadball,Tris Speaker,speaktr01,1912,Control,George Kirby,kirbyge01,2023,10000,0.1403,0.0529,0.0434,0.353,0.394,0.59,0.382,4126120282,False,False,False,True,False,True
Deadball,Heinie Zimmerman,zimmehe01,1912,Control,Bill Burns,burnsbi01,1908,10000,0.1814,0.0389,0.051,0.353,0.384,0.612,0.397,3166442232,False,False,False,True,False,True
Deadball,Heinie Zimmerman,zimmehe01,1912,Wild-Flames,Bob Harmon,harmobo01,1911,10000,0.185,0.0849,0.0577,0.352,0.413,0.633,0.393,3158873493,False,False,False,True,False,True
Deadball,Heinie Zimmerman,zimmehe01,1912,Wild-Flames,Elmer Myers,myersel01,1916,10000,0.2048,0.0918,0.0434,0.32,0.391,0.555,0.376,3409865229,False,False,False,True,False,True
Deadball,Heinie Zimmerman,zimmehe01,1912,Control,Babe Adams,adamsba01,1920,10000,0.2069,0.0225,0.0507,0.333,0.353,0.577,0.382,3297847144,False,False,False,True,False,True
Deadball,Heinie Zimmerman,zimmehe01,1912,Control,Red Lucas,lucasre01,1933,10000,0.155,0.0214,0.0627,0.369,0.39,0.665,0.393,3813537325,False,False,False,True,False,True
Deadball,Heinie Zimmerman,zimmehe01,1912,Wild-Flames,Sam Jones,jonessa02,1955,10000,0.2188,0.0987,0.0407,0.302,0.379,0.52,0.362,4263513453,False,False,False,True,False,True
Deadball,Heinie Zimmerman,zimmehe01,1912,Control,Dennis Eckersley,eckerde01,1985,10000,0.2106,0.0246,0.0479,0.324,0.348,0.555,0.375,751376885,False,False,False,True,False,True
Deadball,Heinie Zimmerman,zimmehe01,1912,Control,Bret Saberhagen,saberbr01,1994,10000,0.2057,0.0226,0.0558,0.333,0.355,0.594,0.377,2338462503,False,False,False,True,False,True
Deadball,Heinie Zimmerman,zimmehe01,1912,Control,Jon Lieber,liebejo01,2004,10000,0.1719,0.0238,0.0603,0.363,0.384,0.656,0.396,3386501531,False,False,False,True,False,True
Deadball,Heinie Zimmerman,zimmehe01,1912,Control,Carlos Silva,silvaca01,2005,10000,0.153,0.0212,0.0591,0.372,0.392,0.662,0.398,460622821,False,False,False,True,False,True
Deadball,Heinie Zimmerman,zimmehe01,1912,Control,Cliff Lee,leecl02,2010,10000,0.1996,0.0224,0.0568,0.335,0.357,0.592,0.376,1342592693,False,False,False,True,False,True
Deadball,Heinie Zimmerman,zimmehe01,1912,Control,Phil Hughes,hugheph01,2014,10000,0.1896,0.0259,0.0535,0.344,0.367,0.605,0.386,2894692287,False,False,False,True,False,True
Deadball,Heinie Zimmerman,zimmehe01,1912,Control,George Kirby,kirbyge01,2023,10000,0.1913,0.0247,0.0539,0.347,0.369,0.605,0.39,2775047436,False,False,False,True,False,True
Gap-King,Tris Speaker,speaktr01,1923,Control,Bill Burns,burnsbi01,1908,10000,0.1189,0.073,0.0619,0.393,0.443,0.707,0.406,2052440962,False,False,False,True,False,True
Gap-King,Tris Speaker,speaktr01,1923,Wild-Flames,Bob Harmon,harmobo01,1911,10000,0.124,0.1221,0.0614,0.38,0.464,0.702,0.394,3448089905,False,False,False,True,False,True
Gap-King,Tris Speaker,speaktr01,1923,Wild-Flames,Elmer Myers,myersel01,1916,10000,0.1505,0.137,0.0535,0.348,0.444,0.624,0.375,526252831,False,False,False,True,False,True
Gap-King,Tris Speaker,speaktr01,1923,Control,Babe Adams,adamsba01,1920,10000,0.1517,0.0572,0.061,0.36,0.403,0.656,0.382,2886308755,False,False,False,True,False,True
Gap-King,Tris Speaker,speaktr01,1923,Control,Red Lucas,lucasre01,1933,10000,0.089,0.059,0.0732,0.415,0.455,0.772,0.408,3531981751,False,False,False,True,True,True
Gap-King,Tris Speaker,speaktr01,1923,Wild-Flames,Sam Jones,jonessa02,1955,10000,0.1625,0.1337,0.0502,0.331,0.429,0.592,0.363,3508029822,False,False,False,True,False,True
Gap-King,Tris Speaker,speaktr01,1923,K-Kings,Sandy Koufax,koufasa01,1965,10000,0.1756,0.093,0.0472,0.327,0.397,0.565,0.365,3182516945,False,False,False,True,False,True
Gap-King,Tris Speaker,speaktr01,1923,Control,Dennis Eckersley,eckerde01,1985,10000,0.1485,0.06,0.0627,0.359,0.403,0.652,0.377,2107371091,False,False,False,True,False,True
Gap-King,Tris Speaker,speaktr01,1923,Control,Bret Saberhagen,saberbr01,1994,10000,0.1508,0.0634,0.0603,0.349,0.397,0.633,0.367,2752411853,False,False,False,True,False,True
Gap-King,Tris Speaker,speaktr01,1923,K-Kings,Curt Schilling,schilcu01,1997,10000,0.1751,0.0908,0.0509,0.327,0.396,0.575,0.361,2229783323,False,False,False,True,False,True
Gap-King,Tris Speaker,speaktr01,1923,Control,Jon Lieber,liebejo01,2004,10000,0.1152,0.0608,0.0767,0.403,0.445,0.765,0.404,3072137203,False,False,False,True,False,True
Gap-King,Tris Speaker,speaktr01,1923,Control,Carlos Silva,silvaca01,2005,10000,0.0781,0.0582,0.0774,0.417,0.457,0.786,0.401,2638608761,False,False,False,True,True,True
Gap-King,Tris Speaker,speaktr01,1923,Control,Cliff Lee,leecl02,2010,10000,0.1431,0.0638,0.0651,0.363,0.41,0.67,0.378,4266663645,False,False,False,True,False,True
Gap-King,Tris Speaker,speaktr01,1923,Control,Phil Hughes,hugheph01,2014,10000,0.1298,0.0615,0.0644,0.374,0.419,0.69,0.385,715260394,False,False,False,True,False,True
Gap-King,Tris Speaker,speaktr01,1923,K-Kings,Gerrit Cole,colege01,2019,10000,0.1605,0.092,0.0537,0.337,0.405,0.602,0.364,4039910816,False,False,False,True,False,True
Gap-King,Tris Speaker,speaktr01,1923,Control,George Kirby,kirbyge01,2023,10000,0.1318,0.0593,0.0659,0.377,0.42,0.697,0.388,2492504803,False,False,False,True,False,True
Gap-King,George Burns,burnsge02,1926,Wild-Flames,Bob Harmon,harmobo01,1911,10000,0.1816,0.0728,0.0196,0.308,0.367,0.456,0.367,3509772565,False,False,False,True,False,True
Gap-King,George Burns,burnsge02,1926,Control,Red Lucas,lucasre01,1933,10000,0.1559,0.0073,0.0244,0.332,0.345,0.507,0.377,69759130,False,False,False,True,False,True
Gap-King,George Burns,burnsge02,1926,Control,Jon Lieber,liebejo01,2004,10000,0.1786,0.0077,0.0199,0.308,0.321,0.453,0.361,3095300491,False,False,False,True,False,True
Gap-King,George Burns,burnsge02,1926,Control,Carlos Silva,silvaca01,2005,10000,0.1546,0.0073,0.0263,0.334,0.345,0.513,0.376,2614789607,False,False,False,True,False,True
Gap-King,George Burns,burnsge02,1926,Control,George Kirby,kirbyge01,2023,10000,0.1906,0.0071,0.0193,0.305,0.316,0.445,0.362,2167639627,False,False,False,True,False,True
Moonshot,Babe Ruth,ruthba01,1927,Control,Bill Burns,burnsbi01,1908,10000,0.1962,0.0885,0.1066,0.36,0.423,0.782,0.363,1284298151,False,False,False,True,False,True
Moonshot,Babe Ruth,ruthba01,1927,Wild-Flames,Bob Harmon,harmobo01,1911,10000,0.1955,0.1428,0.096,0.356,0.457,0.768,0.371,15407519,False,False,False,True,False,True
Moonshot,Babe Ruth,ruthba01,1927,Control,Red Lucas,lucasre01,1933,10000,0.1684,0.0763,0.1229,0.395,0.449,0.881,0.383,1556133604,False,False,False,True,False,True
Moonshot,Babe Ruth,ruthba01,1927,Control,Carlos Silva,silvaca01,2005,10000,0.1647,0.0745,0.1254,0.399,0.45,0.886,0.383,20573536,False,False,False,True,False,True
Gap-King,Chuck Klein,kleinch01,1930,Control,Bill Burns,burnsbi01,1908,10000,0.1962,0.048,0.1098,0.377,0.413,0.813,0.385,192730809,False,False,False,True,False,True
Gap-King,Chuck Klein,kleinch01,1930,Wild-Flames,Bob Harmon,harmobo01,1911,10000,0.196,0.0981,0.1003,0.371,0.439,0.794,0.387,2048791683,False,False,False,True,False,True
Gap-King,Chuck Klein,kleinch01,1930,Wild-Flames,Elmer Myers,myersel01,1916,10000,0.2149,0.1018,0.0905,0.351,0.427,0.735,0.38,1684222692,False,False,False,True,False,True
Gap-King,Chuck Klein,kleinch01,1930,Control,Babe Adams,adamsba01,1920,10000,0.2164,0.0334,0.1006,0.352,0.38,0.745,0.37,4181088892,False,False,False,True,False,True
Gap-King,Chuck Klein,kleinch01,1930,Control,Red Lucas,lucasre01,1933,10000,0.1741,0.0317,0.1187,0.398,0.422,0.857,0.394,370748124,False,False,False,True,False,True
Gap-King,Chuck Klein,kleinch01,1930,Wild-Flames,Sam Jones,jonessa02,1955,10000,0.2375,0.1039,0.0843,0.332,0.408,0.686,0.371,1729920349,False,False,False,True,False,True
Gap-King,Chuck Klein,kleinch01,1930,Control,Dennis Eckersley,eckerde01,1985,10000,0.2155,0.0313,0.1028,0.359,0.385,0.759,0.376,3520194362,False,False,False,True,False,True
Gap-King,Chuck Klein,kleinch01,1930,Control,Bret Saberhagen,saberbr01,1994,10000,0.2157,0.0338,0.1036,0.352,0.381,0.753,0.366,404987307,False,False,False,True,False,True
Gap-King,Chuck Klein,kleinch01,1930,K-Kings,Curt Schilling,schilcu01,1997,10000,0.2397,0.0651,0.0903,0.334,0.386,0.697,0.368,3052833334,False,False,False,True,False,True
Gap-King,Chuck Klein,kleinch01,1930,Control,Jon Lieber,liebejo01,2004,10000,0.1902,0.0332,0.1141,0.38,0.407,0.826,0.383,2718221671,False,False,False,True,False,True
Gap-King,Chuck Klein,kleinch01,1930,Control,Carlos Silva,silvaca01,2005,10000,0.1655,0.0316,0.1181,0.401,0.425,0.863,0.394,1879817561,False,False,False,True,False,True
Gap-King,Chuck Klein,kleinch01,1930,Control,Cliff Lee,leecl02,2010,10000,0.2094,0.0341,0.1036,0.361,0.389,0.77,0.376,634158127,False,False,False,True,False,True
Gap-King,Chuck Klein,kleinch01,1930,Control,Phil Hughes,hugheph01,2014,10000,0.2106,0.0325,0.1045,0.364,0.392,0.778,0.38,1245349451,False,False,False,True,False,True
Gap-King,Chuck Klein,kleinch01,1930,K-Kings,Gerrit Cole,colege01,2019,10000,0.2428,0.0665,0.094,0.333,0.384,0.704,0.364,3597715432,False,False,False,True,False,True
Gap-King,Chuck Klein,kleinch01,1930,Control,George Kirby,kirbyge01,2023,10000,0.2022,0.0326,0.1072,0.376,0.402,0.8,0.389,1168569347,False,False,False,True,False,True
Gap-King,Earl Webb,webbea01,1931,Control,Bill Burns,burnsbi01,1908,10000,0.1934,0.0588,0.0466,0.333,0.378,0.575,0.381,1001430020,False,False,False,True,False,True
Gap-King,Earl Webb,webbea01,1931,Wild-Flames,Bob Harmon,harmobo01,1911,10000,0.1962,0.1116,0.0453,0.327,0.409,0.571,0.379,511103381,False,False,False,True,False,True
Gap-King,Earl Webb,webbea01,1931,Wild-Flames,Elmer Myers,myersel01,1916,10000,0.2169,0.1179,0.0394,0.3,0.392,0.519,0.361,1825498972,False,False,False,True,False,True
Gap-King,Earl Webb,webbea01,1931,Control,Red Lucas,lucasre01,1933,10000,0.1683,0.0506,0.0549,0.35,0.39,0.622,0.383,1175271958,False,False,False,True,False,True
Gap-King,Earl Webb,webbea01,1931,Control,Dennis Eckersley,eckerde01,1985,10000,0.2137,0.0511,0.0445,0.316,0.357,0.54,0.371,3450824481,False,False,False,True,False,True
Gap-King,Earl Webb,webbea01,1931,Control,Jon Lieber,liebejo01,2004,10000,0.1862,0.0489,0.0482,0.34,0.379,0.583,0.384,2672923332,False,False,False,True,False,True
Gap-King,Earl Webb,webbea01,1931,Control,Carlos Silva,silvaca01,2005,10000,0.1674,0.0457,0.0546,0.369,0.405,0.65,0.407,2372932800,False,False,False,True,False,True
Gap-King,Earl Webb,webbea01,1931,Control,Phil Hughes,hugheph01,2014,10000,0.219,0.044,0.0472,0.319,0.356,0.554,0.375,4273566296,False,False,False,True,False,True
Gap-King,Earl Webb,webbea01,1931,Control,George Kirby,kirbyge01,2023,10000,0.201,0.0474,0.0489,0.341,0.378,0.592,0.393,2741633407,False,False,False,True,False,True
Moonshot,Jimmie Foxx,foxxji01,1932,Control,Bill Burns,burnsbi01,1908,10000,0.1943,0.0817,0.1158,0.379,0.436,0.838,0.381,3596960667,False,False,False,True,False,True
Moonshot,Jimmie Foxx,foxxji01,1932,Wild-Flames,Bob Harmon,harmobo01,1911,10000,0.189,0.1333,0.1108,0.38,0.47,0.842,0.386,3455289926,False,False,False,True,False,True
Moonshot,Jimmie Foxx,foxxji01,1932,Control,Babe Adams,adamsba01,1920,10000,0.2098,0.0709,0.1102,0.364,0.417,0.793,0.375,2366575897,False,False,False,True,False,True
Moonshot,Jimmie Foxx,foxxji01,1932,Control,Red Lucas,lucasre01,1933,10000,0.1687,0.0686,0.1196,0.393,0.44,0.865,0.383,1647372975,False,False,False,True,False,True
Moonshot,Jimmie Foxx,foxxji01,1932,Control,Dennis Eckersley,eckerde01,1985,10000,0.2146,0.0693,0.1128,0.358,0.409,0.795,0.365,2300078098,False,False,False,True,False,True
Moonshot,Jimmie Foxx,foxxji01,1932,Control,Bret Saberhagen,saberbr01,1994,10000,0.2175,0.0696,0.1076,0.354,0.406,0.774,0.366,1320090868,False,False,False,True,False,True
Moonshot,Jimmie Foxx,foxxji01,1932,Control,Jon Lieber,liebejo01,2004,10000,0.1837,0.0699,0.1251,0.388,0.437,0.871,0.38,1541930481,False,False,False,True,False,True
Moonshot,Jimmie Foxx,foxxji01,1932,Control,Carlos Silva,silvaca01,2005,10000,0.1676,0.0717,0.1276,0.394,0.444,0.893,0.375,2123262486,False,False,False,True,False,True
Moonshot,Jimmie Foxx,foxxji01,1932,Control,Cliff Lee,leecl02,2010,10000,0.2112,0.068,0.11,0.357,0.406,0.784,0.365,3956887920,False,False,False,True,False,True
Moonshot,Jimmie Foxx,foxxji01,1932,Control,Phil Hughes,hugheph01,2014,10000,0.2061,0.0657,0.1113,0.36,0.409,0.796,0.365,1101413750,False,False,False,True,False,True
Moonshot,Jimmie Foxx,foxxji01,1932,Control,George Kirby,kirbyge01,2023,10000,0.1969,0.0695,0.1143,0.374,0.424,0.825,0.378,3631357331,False,False,False,True,False,True
Gap-King,Paul Waner,wanerpa01,1932,Control,Bill Burns,burnsbi01,1908,10000,0.1455,0.0492,0.0327,0.336,0.376,0.537,0.372,926349773,False,False,False,True,False,True
Gap-King,Paul Waner,wanerpa01,1932,Wild-Flames,Bob Harmon,harmobo01,1911,10000,0.1441,0.106,0.0304,0.328,0.408,0.52,0.366,677428194,False,False,False,True,False,True
Gap-King,Paul Waner,wanerpa01,1932,Control,Red Lucas,lucasre01,1933,10000,0.1135,0.0388,0.0366,0.354,0.386,0.58,0.374,417277767,False,False,False,True,False,True
Gap-King,Paul Waner,wanerpa01,1932,Control,Jon Lieber,liebejo01,2004,10000,0.1328,0.0346,0.0329,0.343,0.372,0.544,0.374,2108498390,False,False,False,True,False,True
Gap-King,Paul Waner,wanerpa01,1932,Control,Carlos Silva,silvaca01,2005,10000,0.1083,0.0386,0.0397,0.368,0.399,0.603,0.386,3469143650,False,False,False,True,False,True
Gap-King,Hank Greenberg,greenha01,1934,K-Kings,Rube Waddell,wadderu01,1904,10000,0.2502,0.0927,0.065,0.318,0.389,0.608,0.379,1255952708,False,False,False,True,False,True
Gap-King,Hank Greenberg,greenha01,1934,Control,Bill Burns,burnsbi01,1908,10000,0.1929,0.0555,0.0867,0.377,0.418,0.747,0.406,3194866627,False,False,False,True,False,True
Gap-King,Hank Greenberg,greenha01,1934,Wild-Flames,Bob Harmon,harmobo01,1911,10000,0.2044,0.1083,0.0801,0.366,0.443,0.733,0.406,3989671856,False,False,False,True,False,True
Gap-King,Hank Greenberg,greenha01,1934,Wild-Flames,Elmer Myers,myersel01,1916,10000,0.2214,0.1116,0.0714,0.341,0.422,0.674,0.389,4121519745,False,False,False,True,False,True
Gap-King,Hank Greenberg,greenha01,1934,Control,Babe Adams,adamsba01,1920,10000,0.2097,0.0405,0.0801,0.361,0.393,0.705,0.398,223064638,False,False,False,True,False,True
Gap-King,Hank Greenberg,greenha01,1934,Wild-Flames,Bump Hadley,hadlebu01,1932,10000,0.2477,0.1137,0.061,0.308,0.394,0.589,0.368,1791289234,False,False,False,True,False,True
Gap-King,Hank Greenberg,greenha01,1934,Control,Red Lucas,lucasre01,1933,10000,0.1639,0.0397,0.0937,0.385,0.416,0.78,0.393,3765218307,False,False,False,True,False,True
Gap-King,Hank Greenberg,greenha01,1934,Wild-Flames,Bobo Newsom,newsobo01,1938,10000,0.2488,0.1075,0.0641,0.311,0.393,0.606,0.37,3586018091,False,False,False,True,False,True
Gap-King,Hank Greenberg,greenha01,1934,Wild-Flames,Tommy Byrne,byrneto01,1949,10000,0.2261,0.1186,0.0688,0.323,0.414,0.639,0.37,1296027241,False,False,False,True,False,True
Gap-King,Hank Greenberg,greenha01,1934,Wild-Flames,Sam Jones,jonessa02,1955,10000,0.2307,0.1188,0.0635,0.313,0.402,0.612,0.363,3753007929,False,False,False,True,False,True
Gap-King,Hank Greenberg,greenha01,1934,K-Kings,Sandy Koufax,koufasa01,1965,10000,0.2341,0.0743,0.0694,0.327,0.384,0.635,0.376,314484870,False,False,False,True,False,True
Gap-King,Hank Greenberg,greenha01,1934,K-Kings,Nolan Ryan,ryanno01,1973,10000,0.2462,0.1021,0.0632,0.308,0.387,0.591,0.363,3990013681,False,False,False,True,False,True
Gap-King,Hank Greenberg,greenha01,1934,Control,Dennis Eckersley,eckerde01,1985,10000,0.217,0.0387,0.0781,0.358,0.39,0.696,0.4,1699122169,False,False,False,True,False,True
Gap-King,Hank Greenberg,greenha01,1934,Control,Bret Saberhagen,saberbr01,1994,10000,0.2176,0.0419,0.0831,0.343,0.377,0.688,0.373,2786840358,False,False,False,True,False,True
Gap-King,Hank Greenberg,greenha01,1934,K-Kings,Curt Schilling,schilcu01,1997,10000,0.2356,0.0726,0.0694,0.322,0.378,0.621,0.369,2085872081,False,False,False,True,False,True
Gap-King,Hank Greenberg,greenha01,1934,Control,Jon Lieber,liebejo01,2004,10000,0.1785,0.0428,0.0899,0.386,0.418,0.776,0.406,277269172,False,False,False,True,False,True
Gap-King,Hank Greenberg,greenha01,1934,Control,Carlos Silva,silvaca01,2005,10000,0.1595,0.0416,0.0956,0.394,0.425,0.801,0.401,1087786218,False,False,False,True,False,True
Gap-King,Hank Greenberg,greenha01,1934,Control,Cliff Lee,leecl02,2010,10000,0.2149,0.0419,0.0853,0.35,0.384,0.707,0.381,450616683,False,False,False,True,False,True
Gap-King,Hank Greenberg,greenha01,1934,Control,Phil Hughes,hugheph01,2014,10000,0.1998,0.044,0.0824,0.366,0.4,0.719,0.397,922391332,False,False,False,True,False,True
Gap-King,Hank Greenberg,greenha01,1934,K-Kings,Gerrit Cole,colege01,2019,10000,0.2393,0.0764,0.0697,0.324,0.382,0.633,0.375,1334339797,False,False,False,True,False,True
Gap-King,Hank Greenberg,greenha01,1934,Control,George Kirby,kirbyge01,2023,10000,0.1961,0.0443,0.0808,0.367,0.402,0.717,0.398,2848680682,False,False,False,True,False,True
Gap-King,Joe Medwick,medwijo01,1936,Control,Bill Burns,burnsbi01,1908,10000,0.1636,0.0254,0.0675,0.376,0.399,0.69,0.402,1984451069,False,False,False,True,False,True
Gap-King,Joe Medwick,medwijo01,1936,Wild-Flames,Bob Harmon,harmobo01,1911,10000,0.1625,0.0753,0.0636,0.368,0.423,0.681,0.396,2161051778,False,False,False,True,False,True
Gap-King,Joe Medwick,medwijo01,1936,Wild-Flames,Elmer Myers,myersel01,1916,10000,0.186,0.0838,0.0514,0.339,0.402,0.604,0.383,981815193,False,False,False,True,False,True
Gap-King,Joe Medwick,medwijo01,1936,Control,Babe Adams,adamsba01,1920,10000,0.1871,0.0118,0.0583,0.346,0.361,0.615,0.383,1059274454,False,False,False,True,False,True
Gap-King,Joe Medwick,medwijo01,1936,Control,Red Lucas,lucasre01,1933,10000,0.1393,0.0113,0.0747,0.389,0.401,0.723,0.4,506842888,False,False,False,True,False,True
Gap-King,Joe Medwick,medwijo01,1936,Wild-Flames,Bobo Newsom,newsobo01,1938,10000,0.2177,0.0734,0.0457,0.307,0.366,0.533,0.362,2169691352,False,False,False,True,False,True
Gap-King,Joe Medwick,medwijo01,1936,Control,Dennis Eckersley,eckerde01,1985,10000,0.1866,0.0122,0.0631,0.34,0.356,0.627,0.37,3539927337,False,False,False,True,False,True
Gap-King,Joe Medwick,medwijo01,1936,Control,Bret Saberhagen,saberbr01,1994,10000,0.1967,0.0111,0.0604,0.332,0.346,0.603,0.366,434381575,False,False,False,True,False,True
Gap-King,Joe Medwick,medwijo01,1936,Control,Jon Lieber,liebejo01,2004,10000,0.1561,0.0113,0.0697,0.372,0.385,0.694,0.391,3911143298,False,False,False,True,False,True
Gap-King,Joe Medwick,medwijo01,1936,Control,Carlos Silva,silvaca01,2005,10000,0.123,0.0106,0.0781,0.397,0.41,0.749,0.4,211984746,False,False,False,True,False,True
Gap-King,Joe Medwick,medwijo01,1936,Control,Cliff Lee,leecl02,2010,10000,0.1816,0.0121,0.0606,0.342,0.358,0.621,0.373,1723233588,False,False,False,True,False,True
Gap-King,Joe Medwick,medwijo01,1936,Control,Phil Hughes,hugheph01,2014,10000,0.1828,0.0122,0.0642,0.352,0.366,0.646,0.383,217862141,False,False,False,True,False,True
Gap-King,Joe Medwick,medwijo01,1936,Control,George Kirby,kirbyge01,2023,10000,0.1771,0.0105,0.068,0.359,0.372,0.663,0.386,1746455636,False,False,False,True,False,True
Gap-King,Charlie Gehringer,gehrich01,1936,Control,Bill Burns,burnsbi01,1908,10000,0.1093,0.0603,0.0507,0.37,0.414,0.629,0.381,1051751851,False,False,False,True,False,True
Gap-King,Charlie Gehringer,gehrich01,1936,Wild-Flames,Bob Harmon,harmobo01,1911,10000,0.11,0.1115,0.0472,0.362,0.442,0.626,0.376,730756141,False,False,False,True,False,True
Gap-King,Charlie Gehringer,gehrich01,1936,Control,Babe Adams,adamsba01,1920,10000,0.1379,0.0457,0.0412,0.336,0.373,0.553,0.361,627885671,False,False,False,True,False,True
Gap-King,Charlie Gehringer,gehrich01,1936,Control,Red Lucas,lucasre01,1933,10000,0.0711,0.0522,0.0625,0.409,0.446,0.723,0.399,2974522842,False,False,False,True,False,True
Gap-King,Charlie Gehringer,gehrich01,1936,Control,Jon Lieber,liebejo01,2004,10000,0.0941,0.0449,0.0518,0.373,0.407,0.64,0.376,2988025431,False,False,False,True,False,True
Gap-King,Charlie Gehringer,gehrich01,1936,Control,Carlos Silva,silvaca01,2005,10000,0.0638,0.0446,0.0587,0.399,0.434,0.697,0.387,505088816,False,False,False,True,False,True
Gap-King,Charlie Gehringer,gehrich01,1936,Control,Phil Hughes,hugheph01,2014,10000,0.1223,0.0481,0.0466,0.356,0.393,0.602,0.374,905076085,False,False,False,True,False,True
Gap-King,Charlie Gehringer,gehrich01,1936,Control,George Kirby,kirbyge01,2023,10000,0.1178,0.0451,0.05,0.362,0.398,0.617,0.376,140463496,False,False,False,True,False,True
Moonshot,Hank Greenberg,greenha01,1938,K-Kings,Walter Johnson,johnswa01,1910,10000,0.2666,0.0996,0.0378,0.184,0.273,0.327,0.215,393983451,False,False,False,True,False,True
Moonshot,Hank Greenberg,greenha01,1938,Wild-Flames,Bob Turley,turlebo01,1954,10000,0.2385,0.143,0.0437,0.207,0.33,0.382,0.234,1288344955,False,False,False,True,False,True
Moonshot,Hank Greenberg,greenha01,1938,K-Kings,Sam McDowell,mcdowsa01,1965,10000,0.2519,0.1284,0.036,0.198,0.309,0.346,0.234,3988030596,False,False,False,True,False,True
Moonshot,Hank Greenberg,greenha01,1938,Wild-Flames,Nolan Ryan,ryanno01,1977,10000,0.2586,0.141,0.0365,0.196,0.319,0.345,0.234,871042013,False,False,False,True,False,True
Moonshot,Hank Greenberg,greenha01,1938,K-Kings,Pedro Martinez,martipe02,1999,10000,0.2672,0.0796,0.0401,0.193,0.266,0.342,0.225,981370839,False,False,False,True,False,True
Moonshot,Roger Maris,marisro01,1961,K-Kings,Walter Johnson,johnswa01,1910,10000,0.2604,0.0857,0.0258,0.168,0.247,0.265,0.203,3097376448,False,False,False,True,False,True
Moonshot,Roger Maris,marisro01,1961,Wild-Flames,Weldon Wyckoff,wyckowe01,1915,10000,0.2312,0.1269,0.0258,0.173,0.289,0.276,0.204,2762073792,False,False,False,True,False,True
Moonshot,Roger Maris,marisro01,1961,K-Kings,Bob Feller,fellebo01,1946,10000,0.2792,0.1046,0.0256,0.182,0.275,0.286,0.234,1658509348,False,False,False,True,False,True
Moonshot,Roger Maris,marisro01,1961,Wild-Flames,Bob Turley,turlebo01,1954,10000,0.2342,0.127,0.0264,0.178,0.29,0.284,0.211,3964989636,False,False,False,True,False,True
Moonshot,Roger Maris,marisro01,1961,K-Kings,Sam McDowell,mcdowsa01,1965,10000,0.2497,0.1157,0.027,0.17,0.276,0.279,0.204,2661839032,False,False,False,True,False,True
Moonshot,Roger Maris,marisro01,1961,K-Kings,Nolan Ryan,ryanno01,1973,10000,0.2576,0.1122,0.0286,0.188,0.29,0.309,0.231,1675852670,False,False,False,True,False,True
Moonshot,Roger Maris,marisro01,1961,Wild-Flames,Nolan Ryan,ryanno01,1977,10000,0.2557,0.1255,0.0265,0.171,0.286,0.278,0.209,1029890167,False,False,False,True,False,True
Moonshot,Roger Maris,marisro01,1961,K-Kings,Pedro Martinez,martipe02,1999,10000,0.2695,0.0696,0.0267,0.167,0.233,0.265,0.204,565448549,False,False,False,True,False,True
Moonshot,Mark McGwire,mcgwima01,1998,K-Kings,Walter Johnson,johnswa01,1910,10000,0.2602,0.1101,0.0323,0.169,0.269,0.292,0.199,2177533538,False,False,False,True,False,True
Moonshot,Mark McGwire,mcgwima01,1998,Wild-Flames,Weldon Wyckoff,wyckowe01,1915,10000,0.2301,0.1561,0.0357,0.19,0.327,0.335,0.216,971749263,False,False,False,True,False,True
Moonshot,Mark McGwire,mcgwima01,1998,Wild-Flames,Bob Feller,fellebo01,1938,10000,0.2786,0.1488,0.0285,0.183,0.315,0.303,0.236,3698042263,False,False,False,True,False,True
Moonshot,Mark McGwire,mcgwima01,1998,K-Kings,Bob Feller,fellebo01,1946,10000,0.2894,0.1309,0.0302,0.18,0.295,0.302,0.231,4188519936,False,False,False,True,False,True
Moonshot,Mark McGwire,mcgwima01,1998,Wild-Flames,Bob Turley,turlebo01,1954,10000,0.2421,0.1536,0.0319,0.18,0.316,0.308,0.211,3672139247,False,False,False,True,False,True
Moonshot,Mark McGwire,mcgwima01,1998,K-Kings,Sam McDowell,mcdowsa01,1965,10000,0.2576,0.1451,0.031,0.185,0.314,0.308,0.225,1198342837,False,False,False,True,False,True
Moonshot,Mark McGwire,mcgwima01,1998,Wild-Flames,Nolan Ryan,ryanno01,1977,10000,0.2607,0.1578,0.0315,0.173,0.314,0.304,0.208,3944503529,False,False,False,True,False,True
Moonshot,Mark McGwire,mcgwima01,1998,K-Kings,Pedro Martinez,martipe02,1999,10000,0.2698,0.0961,0.0322,0.175,0.264,0.298,0.211,2237593211,False,False,False,True,False,True
Moonshot,Sammy Sosa,sosasa01,1998,K-Kings,Walter Johnson,johnswa01,1910,10000,0.2541,0.0744,0.0364,0.183,0.254,0.316,0.211,3867765424,False,False,False,True,False,True
Moonshot,Sammy Sosa,sosasa01,1998,Wild-Flames,Weldon Wyckoff,wyckowe01,1915,10000,0.2244,0.1102,0.0479,0.218,0.314,0.4,0.237,453194289,False,False,False,True,False,True
Moonshot,Sammy Sosa,sosasa01,1998,Wild-Flames,Bob Turley,turlebo01,1954,10000,0.2426,0.1106,0.0403,0.204,0.302,0.356,0.233,2974714497,False,False,False,True,False,True
Moonshot,Sammy Sosa,sosasa01,1998,K-Kings,Sam McDowell,mcdowsa01,1965,10000,0.2548,0.1042,0.0408,0.201,0.293,0.353,0.232,2566563787,False,False,False,True,False,True
Moonshot,Sammy Sosa,sosasa01,1998,Wild-Flames,Nolan Ryan,ryanno01,1977,10000,0.2563,0.1193,0.0361,0.189,0.296,0.328,0.222,1983489919,False,False,False,True,False,True
Moonshot,Sammy Sosa,sosasa01,1998,K-Kings,Pedro Martinez,martipe02,1999,10000,0.264,0.0588,0.0366,0.178,0.234,0.309,0.205,4163837686,False,False,False,True,False,True
Gap-King,Todd Helton,heltoto01,2000,Control,Bill Burns,burnsbi01,1908,10000,0.1434,0.0667,0.1219,0.404,0.45,0.89,0.382,3011386899,False,False,False,True,False,True
Gap-King,Todd Helton,heltoto01,2000,Wild-Flames,Bob Harmon,harmobo01,1911,10000,0.1422,0.1248,0.1162,0.413,0.494,0.913,0.398,2032031955,False,False,False,True,True,True
Gap-King,Todd Helton,heltoto01,2000,Wild-Flames,Elmer Myers,myersel01,1916,10000,0.183,0.1206,0.1014,0.373,0.457,0.797,0.381,605171656,False,False,False,True,False,True
Gap-King,Todd Helton,heltoto01,2000,Control,Babe Adams,adamsba01,1920,10000,0.1788,0.0536,0.1121,0.381,0.419,0.828,0.379,2251634250,False,False,False,True,False,True
Gap-King,Todd Helton,heltoto01,2000,Wild-Flames,Bump Hadley,hadlebu01,1932,10000,0.2037,0.1313,0.0856,0.342,0.438,0.717,0.366,3202204292,False,False,False,True,False,True
Gap-King,Todd Helton,heltoto01,2000,Control,Red Lucas,lucasre01,1933,10000,0.1103,0.0551,0.1281,0.436,0.473,0.951,0.402,2633499216,False,False,False,True,True,True
Gap-King,Todd Helton,heltoto01,2000,Wild-Flames,Bobo Newsom,newsobo01,1938,10000,0.2056,0.1258,0.0932,0.344,0.435,0.734,0.361,255544525,False,False,False,True,False,True
Gap-King,Todd Helton,heltoto01,2000,Wild-Flames,Sam Jones,jonessa02,1955,10000,0.1867,0.1277,0.0972,0.361,0.45,0.78,0.371,3147290997,False,False,False,True,False,True
Gap-King,Todd Helton,heltoto01,2000,K-Kings,Sandy Koufax,koufasa01,1965,10000,0.1967,0.0847,0.1047,0.361,0.421,0.775,0.368,4192226168,False,False,False,True,False,True
Gap-King,Todd Helton,heltoto01,2000,Control,Dennis Eckersley,eckerde01,1985,10000,0.1721,0.0511,0.1196,0.398,0.436,0.869,0.393,336284489,False,False,False,True,False,True
Gap-King,Todd Helton,heltoto01,2000,Control,Bret Saberhagen,saberbr01,1994,10000,0.182,0.0505,0.1146,0.376,0.414,0.83,0.371,3837623468,False,False,False,True,False,True
Gap-King,Todd Helton,heltoto01,2000,Control,Jon Lieber,liebejo01,2004,10000,0.1346,0.0559,0.1239,0.416,0.455,0.909,0.392,2229000020,False,False,False,True,True,True
Gap-King,Todd Helton,heltoto01,2000,Control,Carlos Silva,silvaca01,2005,10000,0.1076,0.0504,0.1355,0.433,0.468,0.964,0.39,3984163635,False,False,False,True,True,True
Gap-King,Todd Helton,heltoto01,2000,Control,Cliff Lee,leecl02,2010,10000,0.1657,0.0552,0.1141,0.383,0.423,0.833,0.372,3500681670,False,False,False,True,False,True
Gap-King,Todd Helton,heltoto01,2000,Control,Phil Hughes,hugheph01,2014,10000,0.1616,0.052,0.1207,0.396,0.434,0.875,0.382,3632500479,False,False,False,True,False,True
Gap-King,Todd Helton,heltoto01,2000,Control,George Kirby,kirbyge01,2023,10000,0.155,0.0555,0.1194,0.401,0.44,0.884,0.387,1145900102,False,False,False,True,False,True
Moonshot,Barry Bonds,bondsba01,2001,K-Kings,Walter Johnson,johnswa01,1910,10000,0.2518,0.1143,0.0332,0.19,0.29,0.323,0.225,42792537,False,False,False,True,False,True
Moonshot,Barry Bonds,bondsba01,2001,Wild-Flames,Bob Turley,turlebo01,1954,10000,0.2354,0.1606,0.037,0.195,0.335,0.351,0.223,2781284384,False,False,False,True,False,True
Moonshot,Barry Bonds,bondsba01,2001,K-Kings,Sam McDowell,mcdowsa01,1965,10000,0.2492,0.1456,0.032,0.193,0.321,0.33,0.232,400037939,False,False,False,True,False,True
Moonshot,Barry Bonds,bondsba01,2001,K-Kings,Pedro Martinez,martipe02,1999,10000,0.2596,0.0995,0.0289,0.182,0.271,0.3,0.221,2851380365,False,False,False,True,False,True
Moonshot,Giancarlo Stanton,stantmi03,2017,K-Kings,Walter Johnson,johnswa01,1910,10000,0.2567,0.087,0.041,0.201,0.279,0.359,0.233,2081661550,False,False,False,True,False,True
Moonshot,Giancarlo Stanton,stantmi03,2017,K-Kings,Sam McDowell,mcdowsa01,1965,10000,0.2637,0.1182,0.0349,0.195,0.299,0.338,0.235,3169329072,False,False,False,True,False,True
Moonshot,Giancarlo Stanton,stantmi03,2017,K-Kings,Pedro Martinez,martipe02,1999,10000,0.2672,0.0629,0.0382,0.198,0.257,0.347,0.234,414099246,False,False,False,True,False,True
Moonshot,Aaron Judge,judgeaa01,2022,Control,Bill Burns,burnsbi01,1908,10000,0.2012,0.077,0.1041,0.354,0.41,0.762,0.361,3647184931,False,False,False,True,False,True
Moonshot,Aaron Judge,judgeaa01,2022,Control,Red Lucas,lucasre01,1933,10000,0.1711,0.0661,0.1133,0.372,0.42,0.813,0.361,2427585383,False,False,False,True,False,True
Moonshot,Aaron Judge,judgeaa01,2022,Control,Jon Lieber,liebejo01,2004,10000,0.1872,0.0654,0.1115,0.369,0.417,0.803,0.367,2863787517,False,False,False,True,False,True
Moonshot,Aaron Judge,judgeaa01,2022,Control,Carlos Silva,silvaca01,2005,10000,0.1611,0.0641,0.1205,0.387,0.432,0.856,0.369,168005370,False,False,False,True,False,True
Gap-King,Freddie Freeman,freemfr01,2023,Control,Bill Burns,burnsbi01,1908,10000,0.1623,0.0523,0.0827,0.378,0.417,0.743,0.392,1378098194,False,False,False,True,False,True
Gap-King,Freddie Freeman,freemfr01,2023,Wild-Flames,Bob Harmon,harmobo01,1911,10000,0.1666,0.1134,0.0763,0.373,0.451,0.73,0.396,3337802766,False,False,False,True,False,True
Gap-King,Freddie Freeman,freemfr01,2023,Wild-Flames,Elmer Myers,myersel01,1916,10000,0.1933,0.108,0.0705,0.349,0.427,0.674,0.384,368278127,False,False,False,True,False,True
Gap-King,Freddie Freeman,freemfr01,2023,Control,Babe Adams,adamsba01,1920,10000,0.1951,0.0421,0.0818,0.358,0.392,0.705,0.384,550347861,False,False,False,True,False,True
Gap-King,Freddie Freeman,freemfr01,2023,Control,Red Lucas,lucasre01,1933,10000,0.1317,0.044,0.088,0.397,0.43,0.779,0.396,3730008061,False,False,False,True,False,True
Gap-King,Freddie Freeman,freemfr01,2023,Wild-Flames,Bobo Newsom,newsobo01,1938,10000,0.2239,0.1096,0.0589,0.313,0.396,0.584,0.363,1376785140,False,False,False,True,False,True
Gap-King,Freddie Freeman,freemfr01,2023,Wild-Flames,Sam Jones,jonessa02,1955,10000,0.2059,0.1112,0.0637,0.331,0.414,0.627,0.373,3218386170,False,False,False,True,False,True
Gap-King,Freddie Freeman,freemfr01,2023,K-Kings,Sandy Koufax,koufasa01,1965,10000,0.212,0.0708,0.0684,0.326,0.381,0.623,0.362,2877660607,False,False,False,True,False,True
Gap-King,Freddie Freeman,freemfr01,2023,Control,Dennis Eckersley,eckerde01,1985,10000,0.201,0.0391,0.0791,0.357,0.388,0.7,0.388,1337668532,False,False,False,True,False,True
Gap-King,Freddie Freeman,freemfr01,2023,Control,Bret Saberhagen,saberbr01,1994,10000,0.1876,0.0411,0.082,0.357,0.39,0.698,0.378,2514280953,False,False,False,True,False,True
Gap-King,Freddie Freeman,freemfr01,2023,K-Kings,Curt Schilling,schilcu01,1997,10000,0.2219,0.0713,0.0662,0.321,0.377,0.611,0.363,2722873186,False,False,False,True,False,True
Gap-King,Freddie Freeman,freemfr01,2023,Control,Jon Lieber,liebejo01,2004,10000,0.1573,0.0415,0.0859,0.376,0.409,0.751,0.384,3662752455,False,False,False,True,False,True
Gap-King,Freddie Freeman,freemfr01,2023,Control,Carlos Silva,silvaca01,2005,10000,0.1324,0.0429,0.0891,0.401,0.433,0.786,0.4,921469697,False,False,False,True,False,True
Gap-King,Freddie Freeman,freemfr01,2023,Control,Cliff Lee,leecl02,2010,10000,0.1882,0.0396,0.0781,0.352,0.385,0.684,0.375,2773591184,False,False,False,True,False,True
Gap-King,Freddie Freeman,freemfr01,2023,Control,Phil Hughes,hugheph01,2014,10000,0.1758,0.0404,0.077,0.362,0.394,0.697,0.383,2116514446,False,False,False,True,False,True
Gap-King,Freddie Freeman,freemfr01,2023,K-Kings,Gerrit Cole,colege01,2019,10000,0.2168,0.0723,0.068,0.329,0.383,0.627,0.369,3607616958,False,False,False,True,False,True
Gap-King,Freddie Freeman,freemfr01,2023,Control,George Kirby,kirbyge01,2023,10000,0.1747,0.0409,0.0868,0.383,0.414,0.756,0.402,1233625117,False,False,False,True,False,True
Moonshot,Cal Raleigh,raleica01,2025,K-Kings,Walter Johnson,johnswa01,1910,10000,0.2706,0.0932,0.0289,0.173,0.259,0.282,0.211,2131945196,False,False,False,True,False,True
Moonshot,Cal Raleigh,raleica01,2025,Wild-Flames,Weldon Wyckoff,wyckowe01,1915,10000,0.2442,0.1249,0.0344,0.188,0.3,0.326,0.219,4114172980,False,False,False,True,False,True
Moonshot,Cal Raleigh,raleica01,2025,Wild-Flames,Bob Turley,turlebo01,1954,10000,0.2514,0.1248,0.0288,0.174,0.289,0.291,0.208,3339703859,False,False,False,True,False,True
Moonshot,Cal Raleigh,raleica01,2025,K-Kings,Sam McDowell,mcdowsa01,1965,10000,0.2667,0.1254,0.0291,0.174,0.287,0.29,0.213,924403085,False,False,False,True,False,True
Moonshot,Cal Raleigh,raleica01,2025,Wild-Flames,Nolan Ryan,ryanno01,1977,10000,0.2696,0.1321,0.0267,0.171,0.291,0.281,0.213,1457265531,False,False,False,True,False,True
Moonshot,Cal Raleigh,raleica01,2025,K-Kings,Pedro Martinez,martipe02,1999,10000,0.281,0.0733,0.0294,0.168,0.239,0.277,0.206,107453839,False,False,False,True,False,True
